2024-09-06 19:23:30 - Starting NCBI PMC Figure Fetcher

2024-09-06 19:23:30 - Configuration loaded from query_config.yml

2024-09-06 19:23:30 - PMC search query: (((((((((((signaling pathway[Figure/Table Caption]) OR signalling pathway[Figure/Table Caption]) OR regulatory pathway[Figure/Table Caption]) OR disease pathway[Figure/Table Caption]) OR drug pathway[Figure/Table Caption]) OR metabolic pathway[Figure/Table Caption]) OR biosynthetic pathway[Figure/Table Caption]) OR synthesis pathway[Figure/Table Caption]) OR cancer pathway[Figure/Table Caption]) OR response pathway[Figure/Table Caption]) OR cycle pathway[Figure/Table Caption])) AND (2023/09/01[PUBDATE] : 2023/10/01[PUBDATE])

2024-09-06 19:23:53 - PMC search completed. Fetched 1006 results (max set to 3000).

2024-09-06 19:47:12 - Extracted 1427 figures from XML content

2024-09-06 19:58:31 - Failed to download image after 3 attempts.

2024-09-06 20:33:02 - Total pathway figures found: 1427

2024-09-06 20:33:02 - New pathway figures downloaded: 1426

2024-09-06 20:33:02 - NCBI PMC Figure Fetcher completed

2024-09-06 20:33:02 - ==========================================================

2024-09-07 16:36:33 - Starting NCBI PMC Figure Fetcher

2024-09-07 16:36:33 - Configuration loaded from query_config.yml

2024-09-07 16:36:33 - PMC search query: (((((((((((signaling pathway[Figure/Table Caption]) OR signalling pathway[Figure/Table Caption]) OR regulatory pathway[Figure/Table Caption]) OR disease pathway[Figure/Table Caption]) OR drug pathway[Figure/Table Caption]) OR metabolic pathway[Figure/Table Caption]) OR biosynthetic pathway[Figure/Table Caption]) OR synthesis pathway[Figure/Table Caption]) OR cancer pathway[Figure/Table Caption]) OR response pathway[Figure/Table Caption]) OR cycle pathway[Figure/Table Caption])) AND (2023/10/01[PUBDATE] : 2023/11/01[PUBDATE])

2024-09-07 16:36:55 - PMC search completed. Fetched 1022 results (max set to 3000).

2024-09-07 16:37:09 - Extracted 451 figures from XML content

2024-09-07 16:45:15 - Total pathway figures found: 451

2024-09-07 16:45:15 - New pathway figures downloaded: 451

2024-09-07 16:45:15 - NCBI PMC Figure Fetcher completed

2024-09-07 16:45:15 - ==========================================================

2024-09-07 16:50:20 - Starting NCBI PMC Figure Fetcher

2024-09-07 16:50:20 - Configuration loaded from query_config.yml

2024-09-07 16:50:21 - PMC search query: (((((((((((signaling pathway[Figure/Table Caption]) OR signalling pathway[Figure/Table Caption]) OR regulatory pathway[Figure/Table Caption]) OR disease pathway[Figure/Table Caption]) OR drug pathway[Figure/Table Caption]) OR metabolic pathway[Figure/Table Caption]) OR biosynthetic pathway[Figure/Table Caption]) OR synthesis pathway[Figure/Table Caption]) OR cancer pathway[Figure/Table Caption]) OR response pathway[Figure/Table Caption]) OR cycle pathway[Figure/Table Caption])) AND (2023/04/01[PUBDATE] : 2023/05/01[PUBDATE])

2024-09-07 16:50:48 - PMC search completed. Fetched 1093 results (max set to 3000).

2024-09-07 16:51:02 - Extracted 543 figures from XML content

2024-09-07 17:00:07 - Total pathway figures found: 543

2024-09-07 17:00:07 - New pathway figures downloaded: 543

2024-09-07 17:00:07 - NCBI PMC Figure Fetcher completed

2024-09-07 17:00:07 - ==========================================================

2024-09-08 01:17:58 - Starting NCBI PMC Figure Fetcher

2024-09-08 01:17:58 - Configuration loaded from query_config.yml

2024-09-08 01:17:58 - PMC search query: (((((((((((signaling pathway[Figure/Table Caption]) OR signalling pathway[Figure/Table Caption]) OR regulatory pathway[Figure/Table Caption]) OR disease pathway[Figure/Table Caption]) OR drug pathway[Figure/Table Caption]) OR metabolic pathway[Figure/Table Caption]) OR biosynthetic pathway[Figure/Table Caption]) OR synthesis pathway[Figure/Table Caption]) OR cancer pathway[Figure/Table Caption]) OR response pathway[Figure/Table Caption]) OR cycle pathway[Figure/Table Caption])) AND (2023/11/01[PUBDATE] : 2023/12/01[PUBDATE])

2024-09-08 01:18:21 - PMC search completed. Fetched 1091 results (max set to 3000).

2024-09-08 01:18:31 - Extracted 1 figures from XML content.

2024-09-08 01:18:31 - Identified 1 pathway figures.

2024-09-08 01:18:31 - Skipped 1 figures previously processed.

2024-09-08 01:18:31 - Processed 473 pathway figures for download.

2024-09-08 01:24:55 - New pathway figures downloaded: 473

2024-09-08 01:24:55 - NCBI PMC Figure Fetcher completed

2024-09-08 01:24:55 - ==========================================================

2024-09-08 01:47:00 - Starting NCBI PMC Figure Fetcher

2024-09-08 01:47:00 - Configuration loaded from query_config.yml

2024-09-08 01:47:01 - PMC search query: (((((((((((signaling pathway[Figure/Table Caption]) OR signalling pathway[Figure/Table Caption]) OR regulatory pathway[Figure/Table Caption]) OR disease pathway[Figure/Table Caption]) OR drug pathway[Figure/Table Caption]) OR metabolic pathway[Figure/Table Caption]) OR biosynthetic pathway[Figure/Table Caption]) OR synthesis pathway[Figure/Table Caption]) OR cancer pathway[Figure/Table Caption]) OR response pathway[Figure/Table Caption]) OR cycle pathway[Figure/Table Caption])) AND (2023/12/01[PUBDATE] : 2024/01/01[PUBDATE])

2024-09-08 01:47:22 - PMC search completed. Fetched 961 results (max set to 3000).

2024-09-08 01:47:30 - Extracted 1865 figures from XML content.

2024-09-08 01:47:30 - Identified 566 pathway figures.

2024-09-08 01:47:30 - Skipped 60 figures previously processed.

2024-09-08 01:47:30 - Processed 506 pathway figures for download.

2024-09-08 01:55:31 - New pathway figures downloaded: 506

2024-09-08 01:55:31 - NCBI PMC Figure Fetcher completed

2024-09-08 01:55:31 - ==========================================================

2024-09-08 02:04:15 - Starting NCBI PMC Figure Fetcher

2024-09-08 02:04:15 - Configuration loaded from query_config.yml

2024-09-08 02:04:16 - PMC search query: (((((((((((signaling pathway[Figure/Table Caption]) OR signalling pathway[Figure/Table Caption]) OR regulatory pathway[Figure/Table Caption]) OR disease pathway[Figure/Table Caption]) OR drug pathway[Figure/Table Caption]) OR metabolic pathway[Figure/Table Caption]) OR biosynthetic pathway[Figure/Table Caption]) OR synthesis pathway[Figure/Table Caption]) OR cancer pathway[Figure/Table Caption]) OR response pathway[Figure/Table Caption]) OR cycle pathway[Figure/Table Caption])) AND (2024/01/01[PUBDATE] : 2024/02/01[PUBDATE])

2024-09-08 02:04:41 - PMC search completed. Fetched 1191 results (max set to 3000).

2024-09-08 02:04:50 - Extracted 1858 figures from XML content.

2024-09-08 02:04:50 - Identified 519 pathway figures.

2024-09-08 02:04:50 - Skipped 73 figures previously processed.

2024-09-08 02:04:50 - Processed 446 pathway figures for download.

2024-09-08 02:11:11 - New pathway figures downloaded: 446

2024-09-08 02:11:11 - NCBI PMC Figure Fetcher completed

2024-09-08 02:11:11 - ==========================================================

2024-09-07 19:14:25 - Starting NCBI PMC Figure Fetcher

2024-09-07 19:14:25 - Configuration loaded from query_config.yml

2024-09-07 19:14:25 - PMC search query: (((((((((((signaling pathway[Figure/Table Caption]) OR signalling pathway[Figure/Table Caption]) OR regulatory pathway[Figure/Table Caption]) OR disease pathway[Figure/Table Caption]) OR drug pathway[Figure/Table Caption]) OR metabolic pathway[Figure/Table Caption]) OR biosynthetic pathway[Figure/Table Caption]) OR synthesis pathway[Figure/Table Caption]) OR cancer pathway[Figure/Table Caption]) OR response pathway[Figure/Table Caption]) OR cycle pathway[Figure/Table Caption])) AND (2024/02/01[PUBDATE] : 2024/03/01[PUBDATE])

2024-09-07 19:14:49 - PMC search completed. Fetched 1110 results (max set to 3000).

2024-09-07 19:15:23 - Extracted 7114 figures from XML content.

2024-09-07 19:15:23 - Identified 2062 pathway figures.

2024-09-07 19:15:23 - Skipped 49 figures previously processed.

2024-09-07 19:15:23 - Processed 2013 pathway figures for download.

2024-09-07 19:49:36 - New pathway figures downloaded: 2013

2024-09-07 19:49:36 - NCBI PMC Figure Fetcher completed

2024-09-07 19:49:36 - ==========================================================

2024-09-07 19:50:39 - Starting NCBI PMC Figure Fetcher

2024-09-07 19:50:39 - Configuration loaded from query_config.yml

2024-09-07 19:50:40 - PMC search query: (((((((((((signaling pathway[Figure/Table Caption]) OR signalling pathway[Figure/Table Caption]) OR regulatory pathway[Figure/Table Caption]) OR disease pathway[Figure/Table Caption]) OR drug pathway[Figure/Table Caption]) OR metabolic pathway[Figure/Table Caption]) OR biosynthetic pathway[Figure/Table Caption]) OR synthesis pathway[Figure/Table Caption]) OR cancer pathway[Figure/Table Caption]) OR response pathway[Figure/Table Caption]) OR cycle pathway[Figure/Table Caption])) AND (2024/03/01[PUBDATE] : 2024/04/01[PUBDATE])

2024-09-07 19:51:03 - PMC search completed. Fetched 1076 results (max set to 3000).

2024-09-07 19:51:25 - Extracted 7123 figures from XML content.

2024-09-07 19:51:25 - Identified 2033 pathway figures.

2024-09-07 19:51:25 - Skipped 212 figures previously processed.

2024-09-07 19:51:25 - Processed 1821 pathway figures for download.

2024-09-07 20:04:22 - Failed to download image for PMC10984095__NA after 3 attempts.

2024-09-07 20:15:23 - Failed to download image for PMC11071612__NA after 3 attempts.

2024-09-07 20:22:47 - New pathway figures downloaded: 1819

2024-09-07 20:22:47 - NCBI PMC Figure Fetcher completed

2024-09-07 20:22:47 - ==========================================================

2024-09-07 20:26:58 - Starting NCBI PMC Figure Fetcher

2024-09-07 20:26:58 - Configuration loaded from query_config.yml

2024-09-07 20:26:58 - PMC search query: (((((((((((signaling pathway[Figure/Table Caption]) OR signalling pathway[Figure/Table Caption]) OR regulatory pathway[Figure/Table Caption]) OR disease pathway[Figure/Table Caption]) OR drug pathway[Figure/Table Caption]) OR metabolic pathway[Figure/Table Caption]) OR biosynthetic pathway[Figure/Table Caption]) OR synthesis pathway[Figure/Table Caption]) OR cancer pathway[Figure/Table Caption]) OR response pathway[Figure/Table Caption]) OR cycle pathway[Figure/Table Caption])) AND (2024/04/01[PUBDATE] : 2024/05/01[PUBDATE])

2024-09-07 20:27:21 - PMC search completed. Fetched 1012 results (max set to 3000).

2024-09-07 20:27:39 - Extracted 6533 figures from XML content.

2024-09-07 20:27:39 - Identified 1888 pathway figures.

2024-09-07 20:27:39 - Skipped 338 figures previously processed.

2024-09-07 20:27:39 - Processed 1550 pathway figures for download.

2024-09-07 22:18:28 - New pathway figures downloaded: 1550

2024-09-07 22:18:29 - NCBI PMC Figure Fetcher completed

2024-09-07 22:18:29 - ==========================================================

2024-09-08 14:59:33 - Starting NCBI PMC Figure Fetcher

2024-09-08 14:59:33 - Configuration loaded from query_config.yml

2024-09-08 14:59:34 - PMC search query: (((((((((((signaling pathway[Figure/Table Caption]) OR signalling pathway[Figure/Table Caption]) OR regulatory pathway[Figure/Table Caption]) OR disease pathway[Figure/Table Caption]) OR drug pathway[Figure/Table Caption]) OR metabolic pathway[Figure/Table Caption]) OR biosynthetic pathway[Figure/Table Caption]) OR synthesis pathway[Figure/Table Caption]) OR cancer pathway[Figure/Table Caption]) OR response pathway[Figure/Table Caption]) OR cycle pathway[Figure/Table Caption])) AND (2024/05/01[PUBDATE] : 2024/06/01[PUBDATE])

2024-09-08 14:59:59 - PMC search completed. Fetched 1116 results (max set to 3000).

2024-09-08 15:00:08 - Extracted 1707 figures from XML content.

2024-09-08 15:00:08 - Identified 486 pathway figures.

2024-09-08 15:00:08 - Skipped 19 figures previously processed.

2024-09-08 15:00:08 - Processed 467 pathway figures for download.

2024-09-08 15:01:22 - Failed to download image for PMC11160905__NA after 3 attempts.

2024-09-08 15:01:29 - Failed to download image for PMC11160905__NA after 3 attempts.

2024-09-08 15:02:11 - Failed to download image for PMC7616366__EMS196571-f002 after 3 attempts.

2024-09-08 15:02:18 - Failed to download image for PMC7616366__EMS196571-f003 after 3 attempts.

2024-09-08 15:02:25 - Failed to download image for PMC7616366__EMS196571-f005 after 3 attempts.

2024-09-08 15:07:33 - New pathway figures downloaded: 462

2024-09-08 15:07:33 - NCBI PMC Figure Fetcher completed

2024-09-08 15:07:33 - ==========================================================

2024-09-08 15:17:50 - Starting NCBI PMC Figure Fetcher

2024-09-08 15:17:50 - Configuration loaded from query_config.yml

2024-09-08 15:17:50 - PMC search query: (((((((((((signaling pathway[Figure/Table Caption]) OR signalling pathway[Figure/Table Caption]) OR regulatory pathway[Figure/Table Caption]) OR disease pathway[Figure/Table Caption]) OR drug pathway[Figure/Table Caption]) OR metabolic pathway[Figure/Table Caption]) OR biosynthetic pathway[Figure/Table Caption]) OR synthesis pathway[Figure/Table Caption]) OR cancer pathway[Figure/Table Caption]) OR response pathway[Figure/Table Caption]) OR cycle pathway[Figure/Table Caption])) AND (2024/06/01[PUBDATE] : 2024/07/01[PUBDATE])

2024-09-08 15:18:16 - PMC search completed. Fetched 1064 results (max set to 3000).

2024-09-08 15:18:25 - Extracted 1748 figures from XML content.

2024-09-08 15:18:25 - Identified 497 pathway figures.

2024-09-08 15:18:25 - Skipped 50 figures previously processed.

2024-09-08 15:18:25 - Processed 447 pathway figures for download.

2024-09-08 15:25:03 - New pathway figures downloaded: 447

2024-09-08 15:25:03 - NCBI PMC Figure Fetcher completed

2024-09-08 15:25:03 - ==========================================================

2024-09-08 23:02:50 - Starting NCBI PMC Figure Fetcher

2024-09-08 23:02:50 - Configuration loaded from query_config.yml

2024-09-08 23:02:50 - PMC search query: (((((((((((signaling pathway[Figure/Table Caption]) OR signalling pathway[Figure/Table Caption]) OR regulatory pathway[Figure/Table Caption]) OR disease pathway[Figure/Table Caption]) OR drug pathway[Figure/Table Caption]) OR metabolic pathway[Figure/Table Caption]) OR biosynthetic pathway[Figure/Table Caption]) OR synthesis pathway[Figure/Table Caption]) OR cancer pathway[Figure/Table Caption]) OR response pathway[Figure/Table Caption]) OR cycle pathway[Figure/Table Caption])) AND (2024/07/01[PUBDATE] : 2024/08/01[PUBDATE])

2024-09-08 23:03:12 - PMC search completed. Fetched 998 results (max set to 3000).

2024-09-08 23:03:21 - Extracted 1494 figures from XML content.

2024-09-08 23:03:21 - Identified 448 pathway figures.

2024-09-08 23:03:21 - Skipped 14 figures previously processed.

2024-09-08 23:03:21 - Processed 434 pathway figures for download.

2024-09-08 23:09:22 - New pathway figures downloaded: 434

2024-09-08 23:09:22 - NCBI PMC Figure Fetcher completed

2024-09-08 23:09:22 - ==========================================================

2024-09-08 23:29:36 - Starting NCBI PMC Figure Fetcher

2024-09-08 23:29:36 - Configuration loaded from query_config.yml

2024-09-08 23:29:36 - Final stretch, then deactivating cycle.

2024-09-08 23:29:37 - PMC search query: (((((((((((signaling pathway[Figure/Table Caption]) OR signalling pathway[Figure/Table Caption]) OR regulatory pathway[Figure/Table Caption]) OR disease pathway[Figure/Table Caption]) OR drug pathway[Figure/Table Caption]) OR metabolic pathway[Figure/Table Caption]) OR biosynthetic pathway[Figure/Table Caption]) OR synthesis pathway[Figure/Table Caption]) OR cancer pathway[Figure/Table Caption]) OR response pathway[Figure/Table Caption]) OR cycle pathway[Figure/Table Caption])) AND (2024/08/01[PUBDATE] : 3000/01/01[PUBDATE])

2024-09-08 23:29:54 - PMC search completed. Fetched 782 results (max set to 3000).

2024-09-08 23:30:01 - Extracted 966 figures from XML content.

2024-09-08 23:30:01 - Identified 308 pathway figures.

2024-09-08 23:30:01 - Skipped 22 figures previously processed.

2024-09-08 23:30:01 - Processed 286 pathway figures for download.

2024-09-08 23:33:47 - New pathway figures downloaded: 286

2024-09-08 23:33:47 - NCBI PMC Figure Fetcher completed

2024-09-08 23:33:47 - ==========================================================

2024-09-09 00:19:55 - Starting NCBI PMC Figure Fetcher

2024-09-09 00:19:55 - Configuration loaded from query_config.yml

2024-09-09 00:19:56 - PMC search query: (((((((((((signaling pathway[Figure/Table Caption]) OR signalling pathway[Figure/Table Caption]) OR regulatory pathway[Figure/Table Caption]) OR disease pathway[Figure/Table Caption]) OR drug pathway[Figure/Table Caption]) OR metabolic pathway[Figure/Table Caption]) OR biosynthetic pathway[Figure/Table Caption]) OR synthesis pathway[Figure/Table Caption]) OR cancer pathway[Figure/Table Caption]) OR response pathway[Figure/Table Caption]) OR cycle pathway[Figure/Table Caption])) AND (2023/05/01[PUBDATE] : 2023/06/01[PUBDATE])

2024-09-09 00:20:25 - PMC search completed. Fetched 1180 results (max set to 3000).

2024-09-09 00:20:35 - Extracted 1946 figures from XML content.

2024-09-09 00:20:35 - Identified 570 pathway figures.

2024-09-09 00:20:35 - Skipped 26 figures previously processed.

2024-09-09 00:20:35 - Processed 544 pathway figures for download.

2024-09-09 00:27:58 - New pathway figures downloaded: 544

2024-09-09 00:27:58 - NCBI PMC Figure Fetcher completed

2024-09-09 00:27:58 - ==========================================================

2024-09-09 00:34:01 - Starting NCBI PMC Figure Fetcher

2024-09-09 00:34:01 - Configuration loaded from query_config.yml

2024-09-09 00:34:02 - PMC search query: (((((((((((signaling pathway[Figure/Table Caption]) OR signalling pathway[Figure/Table Caption]) OR regulatory pathway[Figure/Table Caption]) OR disease pathway[Figure/Table Caption]) OR drug pathway[Figure/Table Caption]) OR metabolic pathway[Figure/Table Caption]) OR biosynthetic pathway[Figure/Table Caption]) OR synthesis pathway[Figure/Table Caption]) OR cancer pathway[Figure/Table Caption]) OR response pathway[Figure/Table Caption]) OR cycle pathway[Figure/Table Caption])) AND (2023/06/01[PUBDATE] : 2023/07/01[PUBDATE])

2024-09-09 00:34:27 - PMC search completed. Fetched 1014 results (max set to 3000).

2024-09-09 00:34:36 - Extracted 1664 figures from XML content.

2024-09-09 00:34:36 - Identified 474 pathway figures.

2024-09-09 00:34:36 - Skipped 61 figures previously processed.

2024-09-09 00:34:36 - Processed 413 pathway figures for download.

2024-09-09 00:40:34 - New pathway figures downloaded: 413

2024-09-09 00:40:34 - NCBI PMC Figure Fetcher completed

2024-09-09 00:40:34 - ==========================================================

2024-09-09 01:14:46 - Starting NCBI PMC Figure Fetcher

2024-09-09 01:14:46 - Configuration loaded from query_config.yml

2024-09-09 01:14:47 - PMC search query: (((((((((((signaling pathway[Figure/Table Caption]) OR signalling pathway[Figure/Table Caption]) OR regulatory pathway[Figure/Table Caption]) OR disease pathway[Figure/Table Caption]) OR drug pathway[Figure/Table Caption]) OR metabolic pathway[Figure/Table Caption]) OR biosynthetic pathway[Figure/Table Caption]) OR synthesis pathway[Figure/Table Caption]) OR cancer pathway[Figure/Table Caption]) OR response pathway[Figure/Table Caption]) OR cycle pathway[Figure/Table Caption])) AND (2023/07/01[PUBDATE] : 2023/08/01[PUBDATE])

2024-09-09 01:15:10 - PMC search completed. Fetched 975 results (max set to 3000).

2024-09-09 01:15:19 - Extracted 1676 figures from XML content.

2024-09-09 01:15:19 - Identified 478 pathway figures.

2024-09-09 01:15:19 - Skipped 142 figures previously processed.

2024-09-09 01:15:19 - Processed 336 pathway figures for download.

2024-09-09 01:21:15 - New pathway figures downloaded: 336

2024-09-09 01:21:15 - NCBI PMC Figure Fetcher completed

2024-09-09 01:21:15 - ==========================================================

2024-09-09 02:15:57 - Starting NCBI PMC Figure Fetcher

2024-09-09 02:15:57 - Configuration loaded from query_config.yml

2024-09-09 02:15:58 - PMC search query: (((((((((((signaling pathway[Figure/Table Caption]) OR signalling pathway[Figure/Table Caption]) OR regulatory pathway[Figure/Table Caption]) OR disease pathway[Figure/Table Caption]) OR drug pathway[Figure/Table Caption]) OR metabolic pathway[Figure/Table Caption]) OR biosynthetic pathway[Figure/Table Caption]) OR synthesis pathway[Figure/Table Caption]) OR cancer pathway[Figure/Table Caption]) OR response pathway[Figure/Table Caption]) OR cycle pathway[Figure/Table Caption])) AND (2023/08/01[PUBDATE] : 2023/09/01[PUBDATE])

2024-09-09 02:16:24 - PMC search completed. Fetched 1118 results (max set to 3000).

2024-09-09 02:16:33 - Extracted 1996 figures from XML content.

2024-09-09 02:16:33 - Identified 532 pathway figures.

2024-09-09 02:16:33 - Skipped 78 figures previously processed.

2024-09-09 02:16:33 - Processed 454 pathway figures for download.

2024-09-09 02:24:38 - New pathway figures downloaded: 454

2024-09-09 02:24:38 - NCBI PMC Figure Fetcher completed

2024-09-09 02:24:38 - ==========================================================

2024-09-09 02:54:32 - Starting NCBI PMC Figure Fetcher

2024-09-09 02:54:32 - Configuration loaded from query_config.yml

2024-09-09 02:54:32 - PMC search query: (((((((((((signaling pathway[Figure/Table Caption]) OR signalling pathway[Figure/Table Caption]) OR regulatory pathway[Figure/Table Caption]) OR disease pathway[Figure/Table Caption]) OR drug pathway[Figure/Table Caption]) OR metabolic pathway[Figure/Table Caption]) OR biosynthetic pathway[Figure/Table Caption]) OR synthesis pathway[Figure/Table Caption]) OR cancer pathway[Figure/Table Caption]) OR response pathway[Figure/Table Caption]) OR cycle pathway[Figure/Table Caption])) AND (2023/09/01[PUBDATE] : 2023/10/01[PUBDATE])

2024-09-09 02:54:54 - PMC search completed. Fetched 1008 results (max set to 3000).

2024-09-09 02:55:03 - Extracted 1691 figures from XML content.

2024-09-09 02:55:03 - Identified 484 pathway figures.

2024-09-09 02:55:03 - Skipped 481 figures previously processed.

2024-09-09 02:55:03 - Processed 3 pathway figures for download.

2024-09-09 02:55:06 - New pathway figures downloaded: 3

2024-09-09 02:55:06 - NCBI PMC Figure Fetcher completed

2024-09-09 02:55:06 - ==========================================================

2024-09-09 22:27:04 - Starting NCBI PMC Single Figure Fetcher for PMC9949038 Figure 3

2024-09-09 22:27:05 - Successfully downloaded image to figures/PMC9949038__nihpp-2023.02.15.528365v2-f0003.jpg

2024-09-09 22:27:05 - Successfully wrote YAML file to figures/PMC9949038__nihpp-2023.02.15.528365v2-f0003.yml

2024-09-09 22:27:05 - NCBI PMC Single Figure Fetcher completed

2024-09-09 22:27:05 - ==========================================================

2024-09-10 00:09:30 - Starting NCBI PMC Single Figure Fetcher for PMC4631354 Figure 3

2024-09-10 00:09:31 - Successfully downloaded image to figures/PMC4631354__pone.0141850.g003.jpg

2024-09-10 00:09:31 - Successfully wrote YAML file to figures/PMC4631354__pone.0141850.g003.yml

2024-09-10 00:09:31 - Added PMC4631354__pone.0141850.g003 to keep_figids_for_ocr.txt

2024-09-10 00:09:31 - NCBI PMC Single Figure Fetcher completed

2024-09-10 00:09:31 - ==========================================================

2024-09-10 00:18:45 - Starting NCBI PMC Single Figure Fetcher for PMC4631354 Figure 3

2024-09-10 00:18:46 - Successfully downloaded image to figures/PMC4631354__pone.0141850.g003.jpg

2024-09-10 00:18:46 - Successfully wrote YAML file to figures/PMC4631354__pone.0141850.g003.yml

2024-09-10 00:18:46 - PMC4631354__pone.0141850.g003 already exists in keep_figids_for_ocr.txt

2024-09-10 00:18:46 - NCBI PMC Single Figure Fetcher completed

2024-09-10 00:18:46 - ==========================================================

2024-10-01 02:27:31 - Starting NCBI PMC Figure Fetcher

2024-10-01 02:27:31 - Configuration loaded from query_config.yml

2024-10-01 02:27:31 - PMC search query: (((((((((((signaling pathway[Figure/Table Caption]) OR signalling pathway[Figure/Table Caption]) OR regulatory pathway[Figure/Table Caption]) OR disease pathway[Figure/Table Caption]) OR drug pathway[Figure/Table Caption]) OR metabolic pathway[Figure/Table Caption]) OR biosynthetic pathway[Figure/Table Caption]) OR synthesis pathway[Figure/Table Caption]) OR cancer pathway[Figure/Table Caption]) OR response pathway[Figure/Table Caption]) OR cycle pathway[Figure/Table Caption])) AND (2023/07/01[PUBDATE] : 2023/08/01[PUBDATE])

2024-10-01 02:27:57 - PMC search completed. Fetched 977 results (max set to 3000).

2024-10-01 02:28:06 - Extracted 1676 figures from XML content.

2024-10-01 02:28:06 - Identified 478 pathway figures.

2024-10-01 02:28:06 - Skipped 478 figures previously processed.

2024-10-01 02:28:06 - Processed 0 pathway figures for download.

2024-10-01 02:28:06 - New pathway figures downloaded: 0

2024-10-01 02:28:06 - NCBI PMC Figure Fetcher completed

2024-10-01 02:28:06 - ==========================================================

2024-10-01 03:31:14 - Starting NCBI PMC Figure Fetcher

2024-10-01 03:31:14 - Configuration loaded from query_config.yml

2024-10-01 03:31:14 - PMC search query: (((((((((((signaling pathway[Figure/Table Caption]) OR signalling pathway[Figure/Table Caption]) OR regulatory pathway[Figure/Table Caption]) OR disease pathway[Figure/Table Caption]) OR drug pathway[Figure/Table Caption]) OR metabolic pathway[Figure/Table Caption]) OR biosynthetic pathway[Figure/Table Caption]) OR synthesis pathway[Figure/Table Caption]) OR cancer pathway[Figure/Table Caption]) OR response pathway[Figure/Table Caption]) OR cycle pathway[Figure/Table Caption])) AND (2023/08/01[PUBDATE] : 2023/09/01[PUBDATE])

2024-10-01 03:31:53 - PMC search completed. Fetched 1121 results (max set to 3000).

2024-10-01 03:32:03 - Extracted 1996 figures from XML content.

2024-10-01 03:32:03 - Identified 532 pathway figures.

2024-10-01 03:32:03 - Skipped 532 figures previously processed.

2024-10-01 03:32:03 - Processed 0 pathway figures for download.

2024-10-01 03:32:03 - New pathway figures downloaded: 0

2024-10-01 03:32:03 - NCBI PMC Figure Fetcher completed

2024-10-01 03:32:03 - ==========================================================

2024-10-01 04:21:08 - Starting NCBI PMC Figure Fetcher

2024-10-01 04:21:08 - Configuration loaded from query_config.yml

2024-10-01 04:21:09 - PMC search query: (((((((((((signaling pathway[Figure/Table Caption]) OR signalling pathway[Figure/Table Caption]) OR regulatory pathway[Figure/Table Caption]) OR disease pathway[Figure/Table Caption]) OR drug pathway[Figure/Table Caption]) OR metabolic pathway[Figure/Table Caption]) OR biosynthetic pathway[Figure/Table Caption]) OR synthesis pathway[Figure/Table Caption]) OR cancer pathway[Figure/Table Caption]) OR response pathway[Figure/Table Caption]) OR cycle pathway[Figure/Table Caption])) AND (2023/09/01[PUBDATE] : 2023/10/01[PUBDATE])

2024-10-01 04:21:41 - PMC search completed. Fetched 1022 results (max set to 3000).

2024-10-01 04:21:50 - Extracted 1693 figures from XML content.

2024-10-01 04:21:50 - Identified 484 pathway figures.

2024-10-01 04:21:50 - Skipped 484 figures previously processed.

2024-10-01 04:21:50 - Processed 0 pathway figures for download.

2024-10-01 04:21:50 - New pathway figures downloaded: 0

2024-10-01 04:21:50 - NCBI PMC Figure Fetcher completed

2024-10-01 04:21:50 - ==========================================================

2024-10-01 05:17:50 - Starting NCBI PMC Figure Fetcher

2024-10-01 05:17:50 - Configuration loaded from query_config.yml

2024-10-01 05:17:50 - PMC search query: (((((((((((signaling pathway[Figure/Table Caption]) OR signalling pathway[Figure/Table Caption]) OR regulatory pathway[Figure/Table Caption]) OR disease pathway[Figure/Table Caption]) OR drug pathway[Figure/Table Caption]) OR metabolic pathway[Figure/Table Caption]) OR biosynthetic pathway[Figure/Table Caption]) OR synthesis pathway[Figure/Table Caption]) OR cancer pathway[Figure/Table Caption]) OR response pathway[Figure/Table Caption]) OR cycle pathway[Figure/Table Caption])) AND (2023/10/01[PUBDATE] : 2023/11/01[PUBDATE])

2024-10-01 05:18:20 - PMC search completed. Fetched 1025 results (max set to 3000).

2024-10-01 05:18:29 - Extracted 1693 figures from XML content.

2024-10-01 05:18:29 - Identified 460 pathway figures.

2024-10-01 05:18:29 - Skipped 460 figures previously processed.

2024-10-01 05:18:29 - Processed 0 pathway figures for download.

2024-10-01 05:18:29 - New pathway figures downloaded: 0

2024-10-01 05:18:29 - NCBI PMC Figure Fetcher completed

2024-10-01 05:18:29 - ==========================================================

2024-10-01 06:24:20 - Starting NCBI PMC Figure Fetcher

2024-10-01 06:24:20 - Configuration loaded from query_config.yml

2024-10-01 06:24:20 - PMC search query: (((((((((((signaling pathway[Figure/Table Caption]) OR signalling pathway[Figure/Table Caption]) OR regulatory pathway[Figure/Table Caption]) OR disease pathway[Figure/Table Caption]) OR drug pathway[Figure/Table Caption]) OR metabolic pathway[Figure/Table Caption]) OR biosynthetic pathway[Figure/Table Caption]) OR synthesis pathway[Figure/Table Caption]) OR cancer pathway[Figure/Table Caption]) OR response pathway[Figure/Table Caption]) OR cycle pathway[Figure/Table Caption])) AND (2023/11/01[PUBDATE] : 2023/12/01[PUBDATE])

2024-10-01 06:24:52 - PMC search completed. Fetched 1090 results (max set to 3000).

2024-10-01 06:25:02 - Extracted 1775 figures from XML content.

2024-10-01 06:25:02 - Identified 488 pathway figures.

2024-10-01 06:25:02 - Skipped 488 figures previously processed.

2024-10-01 06:25:02 - Processed 0 pathway figures for download.

2024-10-01 06:25:02 - New pathway figures downloaded: 0

2024-10-01 06:25:02 - NCBI PMC Figure Fetcher completed

2024-10-01 06:25:02 - ==========================================================

2024-10-01 07:18:12 - Starting NCBI PMC Figure Fetcher

2024-10-01 07:18:12 - Configuration loaded from query_config.yml

2024-10-01 07:18:13 - PMC search query: (((((((((((signaling pathway[Figure/Table Caption]) OR signalling pathway[Figure/Table Caption]) OR regulatory pathway[Figure/Table Caption]) OR disease pathway[Figure/Table Caption]) OR drug pathway[Figure/Table Caption]) OR metabolic pathway[Figure/Table Caption]) OR biosynthetic pathway[Figure/Table Caption]) OR synthesis pathway[Figure/Table Caption]) OR cancer pathway[Figure/Table Caption]) OR response pathway[Figure/Table Caption]) OR cycle pathway[Figure/Table Caption])) AND (2023/12/01[PUBDATE] : 2024/01/01[PUBDATE])

2024-10-01 07:18:40 - PMC search completed. Fetched 964 results (max set to 3000).

2024-10-01 07:18:49 - Extracted 1866 figures from XML content.

2024-10-01 07:18:49 - Identified 566 pathway figures.

2024-10-01 07:18:49 - Skipped 566 figures previously processed.

2024-10-01 07:18:49 - Processed 0 pathway figures for download.

2024-10-01 07:18:49 - New pathway figures downloaded: 0

2024-10-01 07:18:49 - NCBI PMC Figure Fetcher completed

2024-10-01 07:18:49 - ==========================================================

2024-10-02 02:17:57 - Starting NCBI PMC Figure Fetcher

2024-10-02 02:17:57 - Configuration loaded from query_config.yml

2024-10-02 02:17:58 - PMC search query: (((((((((((signaling pathway[Figure/Table Caption]) OR signalling pathway[Figure/Table Caption]) OR regulatory pathway[Figure/Table Caption]) OR disease pathway[Figure/Table Caption]) OR drug pathway[Figure/Table Caption]) OR metabolic pathway[Figure/Table Caption]) OR biosynthetic pathway[Figure/Table Caption]) OR synthesis pathway[Figure/Table Caption]) OR cancer pathway[Figure/Table Caption]) OR response pathway[Figure/Table Caption]) OR cycle pathway[Figure/Table Caption])) AND (2024/01/01[PUBDATE] : 2024/02/01[PUBDATE])

2024-10-02 02:18:26 - PMC search completed. Fetched 1193 results (max set to 3000).

2024-10-02 02:18:36 - Extracted 1857 figures from XML content.

2024-10-02 02:18:36 - Identified 516 pathway figures.

2024-10-02 02:18:36 - Skipped 516 figures previously processed.

2024-10-02 02:18:36 - Processed 0 pathway figures for download.

2024-10-02 02:18:36 - New pathway figures downloaded: 0

2024-10-02 02:18:36 - NCBI PMC Figure Fetcher completed

2024-10-02 02:18:36 - ==========================================================

2024-10-02 03:23:34 - Starting NCBI PMC Figure Fetcher

2024-10-02 03:23:34 - Configuration loaded from query_config.yml

2024-10-02 03:23:34 - PMC search query: (((((((((((signaling pathway[Figure/Table Caption]) OR signalling pathway[Figure/Table Caption]) OR regulatory pathway[Figure/Table Caption]) OR disease pathway[Figure/Table Caption]) OR drug pathway[Figure/Table Caption]) OR metabolic pathway[Figure/Table Caption]) OR biosynthetic pathway[Figure/Table Caption]) OR synthesis pathway[Figure/Table Caption]) OR cancer pathway[Figure/Table Caption]) OR response pathway[Figure/Table Caption]) OR cycle pathway[Figure/Table Caption])) AND (2024/02/01[PUBDATE] : 2024/03/01[PUBDATE])

2024-10-02 03:24:04 - PMC search completed. Fetched 1116 results (max set to 3000).

2024-10-02 03:24:13 - Extracted 1615 figures from XML content.

2024-10-02 03:24:13 - Identified 496 pathway figures.

2024-10-02 03:24:13 - Skipped 494 figures previously processed.

2024-10-02 03:24:13 - Processed 2 pathway figures for download.

2024-10-02 03:24:15 - New pathway figures downloaded: 2

2024-10-02 03:24:15 - NCBI PMC Figure Fetcher completed

2024-10-02 03:24:15 - ==========================================================

2024-10-02 04:21:41 - Starting NCBI PMC Figure Fetcher

2024-10-02 04:21:41 - Configuration loaded from query_config.yml

2024-10-02 04:21:42 - PMC search query: (((((((((((signaling pathway[Figure/Table Caption]) OR signalling pathway[Figure/Table Caption]) OR regulatory pathway[Figure/Table Caption]) OR disease pathway[Figure/Table Caption]) OR drug pathway[Figure/Table Caption]) OR metabolic pathway[Figure/Table Caption]) OR biosynthetic pathway[Figure/Table Caption]) OR synthesis pathway[Figure/Table Caption]) OR cancer pathway[Figure/Table Caption]) OR response pathway[Figure/Table Caption]) OR cycle pathway[Figure/Table Caption])) AND (2024/03/01[PUBDATE] : 2024/04/01[PUBDATE])

2024-10-02 04:22:14 - PMC search completed. Fetched 1095 results (max set to 3000).

2024-10-02 04:22:24 - Extracted 1644 figures from XML content.

2024-10-02 04:22:24 - Identified 451 pathway figures.

2024-10-02 04:22:24 - Skipped 445 figures previously processed.

2024-10-02 04:22:24 - Processed 6 pathway figures for download.

2024-10-02 04:22:34 - Failed to download image for PMC10984095__NA after 3 attempts.

2024-10-02 04:22:43 - Failed to download image for PMC11071612__NA after 3 attempts.

2024-10-02 04:22:43 - New pathway figures downloaded: 4

2024-10-02 04:22:43 - NCBI PMC Figure Fetcher completed

2024-10-02 04:22:43 - ==========================================================

2024-10-02 05:17:21 - Starting NCBI PMC Figure Fetcher

2024-10-02 05:17:21 - Configuration loaded from query_config.yml

2024-10-02 05:17:21 - PMC search query: (((((((((((signaling pathway[Figure/Table Caption]) OR signalling pathway[Figure/Table Caption]) OR regulatory pathway[Figure/Table Caption]) OR disease pathway[Figure/Table Caption]) OR drug pathway[Figure/Table Caption]) OR metabolic pathway[Figure/Table Caption]) OR biosynthetic pathway[Figure/Table Caption]) OR synthesis pathway[Figure/Table Caption]) OR cancer pathway[Figure/Table Caption]) OR response pathway[Figure/Table Caption]) OR cycle pathway[Figure/Table Caption])) AND (2024/04/01[PUBDATE] : 2024/05/01[PUBDATE])

2024-10-02 05:17:50 - PMC search completed. Fetched 1022 results (max set to 3000).

2024-10-02 05:17:59 - Extracted 1535 figures from XML content.

2024-10-02 05:17:59 - Identified 473 pathway figures.

2024-10-02 05:17:59 - Skipped 472 figures previously processed.

2024-10-02 05:17:59 - Processed 1 pathway figures for download.

2024-10-02 05:18:00 - New pathway figures downloaded: 1

2024-10-02 05:18:00 - NCBI PMC Figure Fetcher completed

2024-10-02 05:18:00 - ==========================================================

2024-10-02 06:23:22 - Starting NCBI PMC Figure Fetcher

2024-10-02 06:23:22 - Configuration loaded from query_config.yml

2024-10-02 06:23:22 - PMC search query: (((((((((((signaling pathway[Figure/Table Caption]) OR signalling pathway[Figure/Table Caption]) OR regulatory pathway[Figure/Table Caption]) OR disease pathway[Figure/Table Caption]) OR drug pathway[Figure/Table Caption]) OR metabolic pathway[Figure/Table Caption]) OR biosynthetic pathway[Figure/Table Caption]) OR synthesis pathway[Figure/Table Caption]) OR cancer pathway[Figure/Table Caption]) OR response pathway[Figure/Table Caption]) OR cycle pathway[Figure/Table Caption])) AND (2024/05/01[PUBDATE] : 2024/06/01[PUBDATE])

2024-10-02 06:23:51 - PMC search completed. Fetched 1142 results (max set to 3000).

2024-10-02 06:24:01 - Extracted 1743 figures from XML content.

2024-10-02 06:24:01 - Identified 495 pathway figures.

2024-10-02 06:24:01 - Skipped 481 figures previously processed.

2024-10-02 06:24:01 - Processed 14 pathway figures for download.

2024-10-02 06:24:08 - Failed to download image for PMC11160905__NA after 3 attempts.

2024-10-02 06:24:15 - Failed to download image for PMC11160905__NA after 3 attempts.

2024-10-02 06:24:27 - New pathway figures downloaded: 12

2024-10-02 06:24:27 - NCBI PMC Figure Fetcher completed

2024-10-02 06:24:27 - ==========================================================

2024-10-02 07:16:50 - Starting NCBI PMC Figure Fetcher

2024-10-02 07:16:50 - Configuration loaded from query_config.yml

2024-10-02 07:16:50 - PMC search query: (((((((((((signaling pathway[Figure/Table Caption]) OR signalling pathway[Figure/Table Caption]) OR regulatory pathway[Figure/Table Caption]) OR disease pathway[Figure/Table Caption]) OR drug pathway[Figure/Table Caption]) OR metabolic pathway[Figure/Table Caption]) OR biosynthetic pathway[Figure/Table Caption]) OR synthesis pathway[Figure/Table Caption]) OR cancer pathway[Figure/Table Caption]) OR response pathway[Figure/Table Caption]) OR cycle pathway[Figure/Table Caption])) AND (2024/06/01[PUBDATE] : 2024/07/01[PUBDATE])

2024-10-02 07:17:41 - PMC search completed. Fetched 1087 results (max set to 3000).

2024-10-02 07:17:50 - Extracted 1796 figures from XML content.

2024-10-02 07:17:50 - Identified 513 pathway figures.

2024-10-02 07:17:50 - Skipped 497 figures previously processed.

2024-10-02 07:17:50 - Processed 16 pathway figures for download.

2024-10-02 07:18:04 - New pathway figures downloaded: 16

2024-10-02 07:18:04 - NCBI PMC Figure Fetcher completed

2024-10-02 07:18:04 - ==========================================================

2024-10-03 02:18:59 - Starting NCBI PMC Figure Fetcher

2024-10-03 02:18:59 - Configuration loaded from query_config.yml

2024-10-03 02:18:59 - PMC search query: (((((((((((signaling pathway[Figure/Table Caption]) OR signalling pathway[Figure/Table Caption]) OR regulatory pathway[Figure/Table Caption]) OR disease pathway[Figure/Table Caption]) OR drug pathway[Figure/Table Caption]) OR metabolic pathway[Figure/Table Caption]) OR biosynthetic pathway[Figure/Table Caption]) OR synthesis pathway[Figure/Table Caption]) OR cancer pathway[Figure/Table Caption]) OR response pathway[Figure/Table Caption]) OR cycle pathway[Figure/Table Caption])) AND (2024/07/01[PUBDATE] : 2024/08/01[PUBDATE])

2024-10-03 02:19:34 - PMC search completed. Fetched 1066 results (max set to 3000).

2024-10-03 02:19:43 - Extracted 1535 figures from XML content.

2024-10-03 02:19:43 - Identified 461 pathway figures.

2024-10-03 02:19:43 - Skipped 448 figures previously processed.

2024-10-03 02:19:43 - Processed 13 pathway figures for download.

2024-10-03 02:19:55 - New pathway figures downloaded: 13

2024-10-03 02:19:55 - NCBI PMC Figure Fetcher completed

2024-10-03 02:19:55 - ==========================================================

2024-10-03 03:22:49 - Starting NCBI PMC Figure Fetcher

2024-10-03 03:22:49 - Configuration loaded from query_config.yml

2024-10-03 03:22:50 - PMC search query: (((((((((((signaling pathway[Figure/Table Caption]) OR signalling pathway[Figure/Table Caption]) OR regulatory pathway[Figure/Table Caption]) OR disease pathway[Figure/Table Caption]) OR drug pathway[Figure/Table Caption]) OR metabolic pathway[Figure/Table Caption]) OR biosynthetic pathway[Figure/Table Caption]) OR synthesis pathway[Figure/Table Caption]) OR cancer pathway[Figure/Table Caption]) OR response pathway[Figure/Table Caption]) OR cycle pathway[Figure/Table Caption])) AND (2024/08/01[PUBDATE] : 2024/09/01[PUBDATE])

2024-10-03 03:23:13 - PMC search completed. Fetched 1006 results (max set to 3000).

2024-10-03 03:23:22 - Extracted 1599 figures from XML content.

2024-10-03 03:23:22 - Identified 486 pathway figures.

2024-10-03 03:23:22 - Skipped 313 figures previously processed.

2024-10-03 03:23:22 - Processed 173 pathway figures for download.

2024-10-03 03:25:44 - New pathway figures downloaded: 173

2024-10-03 03:25:44 - NCBI PMC Figure Fetcher completed

2024-10-03 03:25:44 - ==========================================================

2024-10-03 04:22:04 - Starting NCBI PMC Figure Fetcher

2024-10-03 04:22:04 - Configuration loaded from query_config.yml

2024-10-03 04:22:04 - Final stretch, then deactivating cycle.

2024-10-03 04:22:05 - PMC search query: (((((((((((signaling pathway[Figure/Table Caption]) OR signalling pathway[Figure/Table Caption]) OR regulatory pathway[Figure/Table Caption]) OR disease pathway[Figure/Table Caption]) OR drug pathway[Figure/Table Caption]) OR metabolic pathway[Figure/Table Caption]) OR biosynthetic pathway[Figure/Table Caption]) OR synthesis pathway[Figure/Table Caption]) OR cancer pathway[Figure/Table Caption]) OR response pathway[Figure/Table Caption]) OR cycle pathway[Figure/Table Caption])) AND (2024/09/01[PUBDATE] : 3000/01/01[PUBDATE])

2024-10-03 04:22:17 - PMC search completed. Fetched 668 results (max set to 3000).

2024-10-03 04:22:21 - Extracted 531 figures from XML content.

2024-10-03 04:22:21 - Identified 174 pathway figures.

2024-10-03 04:22:21 - Skipped 6 figures previously processed.

2024-10-03 04:22:21 - Processed 168 pathway figures for download.

2024-10-03 04:24:38 - New pathway figures downloaded: 168

2024-10-03 04:24:38 - NCBI PMC Figure Fetcher completed

2024-10-03 04:24:38 - ==========================================================

2025-07-14 13:03:51 - Starting NCBI PMC Figure Fetcher

2025-07-14 13:03:51 - Configuration loaded from query_config.yml

2025-07-14 13:03:51 - PMC search query: (((((((((((signaling pathway[Figure/Table Caption]) OR signalling pathway[Figure/Table Caption]) OR regulatory pathway[Figure/Table Caption]) OR disease pathway[Figure/Table Caption]) OR drug pathway[Figure/Table Caption]) OR metabolic pathway[Figure/Table Caption]) OR biosynthetic pathway[Figure/Table Caption]) OR synthesis pathway[Figure/Table Caption]) OR cancer pathway[Figure/Table Caption]) OR response pathway[Figure/Table Caption]) OR cycle pathway[Figure/Table Caption])) AND (2024/10/03[PUBDATE] : 2024/11/03[PUBDATE])

2025-07-14 13:04:29 - PMC search completed. Fetched 1134 results (max set to 3000).

2025-07-14 13:04:41 - Extracted 7493 figures from XML content.

2025-07-14 13:04:41 - Identified 2201 pathway figures.

2025-07-14 13:04:41 - Skipped 0 figures previously processed.

2025-07-14 13:04:41 - Processed 2201 pathway figures for download.

2025-07-14 13:36:42 - Failed to download image for PMC10793491__nihpp-rs3793919v3-f0003 after 3 attempts.

2025-07-14 13:40:42 - Failed to download image for PMC10980014__nihpp-2024.03.17.585262v2-f0009 after 3 attempts.

2025-07-14 13:40:50 - Failed to download image for PMC10980014__nihpp-2024.03.17.585262v2-f0004 after 3 attempts.

2025-07-14 13:40:57 - Failed to download image for PMC10980014__nihpp-2024.03.17.585262v2-f0005 after 3 attempts.

2025-07-14 13:41:04 - Failed to download image for PMC10980014__nihpp-2024.03.17.585262v2-f0006 after 3 attempts.

2025-07-14 13:50:07 - New pathway figures downloaded: 2196

2025-07-14 13:50:07 - NCBI PMC Figure Fetcher completed

2025-07-14 13:50:07 - ==========================================================

2025-07-14 13:53:47 - Starting NCBI PMC Figure Fetcher

2025-07-14 13:53:47 - Configuration loaded from query_config.yml

2025-07-14 13:53:47 - PMC search query: (((((((((((signaling pathway[Figure/Table Caption]) OR signalling pathway[Figure/Table Caption]) OR regulatory pathway[Figure/Table Caption]) OR disease pathway[Figure/Table Caption]) OR drug pathway[Figure/Table Caption]) OR metabolic pathway[Figure/Table Caption]) OR biosynthetic pathway[Figure/Table Caption]) OR synthesis pathway[Figure/Table Caption]) OR cancer pathway[Figure/Table Caption]) OR response pathway[Figure/Table Caption]) OR cycle pathway[Figure/Table Caption])) AND (2024/11/03[PUBDATE] : 2024/12/03[PUBDATE])

2025-07-14 13:54:20 - PMC search completed. Fetched 1201 results (max set to 3000).

2025-07-14 13:54:32 - Extracted 7951 figures from XML content.

2025-07-14 13:54:32 - Identified 2353 pathway figures.

2025-07-14 13:54:32 - Skipped 14 figures previously processed.

2025-07-14 13:54:32 - Processed 2339 pathway figures for download.

2025-07-14 14:16:53 - Failed to download image for PMC11118471__nihpp-2024.05.13.593788v2-f0005 after 3 attempts.

2025-07-14 14:17:00 - Failed to download image for PMC11118471__nihpp-2024.05.13.593788v2-f0006 after 3 attempts.

2025-07-14 14:17:08 - Failed to download image for PMC11118471__nihpp-2024.05.13.593788v2-f0007 after 3 attempts.

2025-07-14 14:30:27 - Failed to download image for PMC10862866__nihpp-2024.02.03.578714v2-f0004 after 3 attempts.

2025-07-14 14:30:34 - Failed to download image for PMC10862866__nihpp-2024.02.03.578714v2-f0006 after 3 attempts.

2025-07-14 14:41:05 - Failed to download image for PMC11142082__nihpp-2024.05.21.595191v2-f0002 after 3 attempts.

2025-07-14 14:41:12 - Failed to download image for PMC11142082__nihpp-2024.05.21.595191v2-f0003 after 3 attempts.

2025-07-14 14:41:20 - Failed to download image for PMC11142082__nihpp-2024.05.21.595191v2-f0005 after 3 attempts.

2025-07-14 14:41:48 - Failed to download image for PMC9949038__nihpp-2023.02.15.528365v3-f0005 after 3 attempts.

2025-07-14 14:41:55 - Failed to download image for PMC9949038__nihpp-2023.02.15.528365v3-f0006 after 3 attempts.

2025-07-14 14:42:03 - Failed to download image for PMC9949038__nihpp-2023.02.15.528365v3-f0007 after 3 attempts.

2025-07-14 14:54:13 - New pathway figures downloaded: 2328

2025-07-14 14:54:13 - NCBI PMC Figure Fetcher completed

2025-07-14 14:54:13 - ==========================================================

2025-07-14 14:54:29 - Starting NCBI PMC Figure Fetcher

2025-07-14 14:54:29 - Configuration loaded from query_config.yml

2025-07-14 14:54:29 - PMC search query: (((((((((((signaling pathway[Figure/Table Caption]) OR signalling pathway[Figure/Table Caption]) OR regulatory pathway[Figure/Table Caption]) OR disease pathway[Figure/Table Caption]) OR drug pathway[Figure/Table Caption]) OR metabolic pathway[Figure/Table Caption]) OR biosynthetic pathway[Figure/Table Caption]) OR synthesis pathway[Figure/Table Caption]) OR cancer pathway[Figure/Table Caption]) OR response pathway[Figure/Table Caption]) OR cycle pathway[Figure/Table Caption])) AND (2024/12/03[PUBDATE] : 2025/01/03[PUBDATE])

2025-07-14 14:54:52 - PMC search completed. Fetched 1285 results (max set to 3000).

2025-07-14 14:55:06 - Extracted 8623 figures from XML content.

2025-07-14 14:55:06 - Identified 2540 pathway figures.

2025-07-14 14:55:06 - Skipped 73 figures previously processed.

2025-07-14 14:55:06 - Processed 2467 pathway figures for download.

2025-07-14 15:02:48 - Failed to download image for PMC11852242__TEMI_A_2447620_F0003_OC after 3 attempts.

2025-07-14 15:02:55 - Failed to download image for PMC11852242__TEMI_A_2447620_F0006_OC after 3 attempts.

2025-07-14 15:34:21 - Failed to download image for PMC10635082__nihpp-2023.11.01.565218v2-f0001 after 3 attempts.

2025-07-14 15:34:29 - Failed to download image for PMC10635082__nihpp-2023.11.01.565218v2-f0003 after 3 attempts.

2025-07-14 15:34:36 - Failed to download image for PMC10635082__nihpp-2023.11.01.565218v2-f0006 after 3 attempts.

2025-07-14 15:57:19 - New pathway figures downloaded: 2462

2025-07-14 15:57:19 - NCBI PMC Figure Fetcher completed

2025-07-14 15:57:19 - ==========================================================

2025-07-14 15:57:25 - Starting NCBI PMC Figure Fetcher

2025-07-14 15:57:25 - Configuration loaded from query_config.yml

2025-07-14 15:57:25 - PMC search query: (((((((((((signaling pathway[Figure/Table Caption]) OR signalling pathway[Figure/Table Caption]) OR regulatory pathway[Figure/Table Caption]) OR disease pathway[Figure/Table Caption]) OR drug pathway[Figure/Table Caption]) OR metabolic pathway[Figure/Table Caption]) OR biosynthetic pathway[Figure/Table Caption]) OR synthesis pathway[Figure/Table Caption]) OR cancer pathway[Figure/Table Caption]) OR response pathway[Figure/Table Caption]) OR cycle pathway[Figure/Table Caption])) AND (2025/01/03[PUBDATE] : 2025/02/03[PUBDATE])

2025-07-14 15:57:48 - PMC search completed. Fetched 1266 results (max set to 3000).

2025-07-14 15:58:01 - Extracted 8655 figures from XML content.

2025-07-14 15:58:01 - Identified 2446 pathway figures.

2025-07-14 15:58:01 - Skipped 88 figures previously processed.

2025-07-14 15:58:01 - Processed 2358 pathway figures for download.

2025-07-14 16:00:02 - Failed to download image for PMC11852594__biomolecules-15-00223-g002 after 3 attempts.

2025-07-14 16:00:10 - Failed to download image for PMC11852594__biomolecules-15-00223-g003 after 3 attempts.

2025-07-14 16:01:44 - Failed to download image for PMC11852430__biomedicines-13-00327-g001 after 3 attempts.

2025-07-14 16:01:51 - Failed to download image for PMC11852430__biomedicines-13-00327-g002 after 3 attempts.

2025-07-14 16:01:59 - Failed to download image for PMC11852430__biomedicines-13-00327-g003 after 3 attempts.

2025-07-14 16:06:32 - Failed to download image for PMC11852151__antioxidants-14-00156-g004a after 3 attempts.

2025-07-14 16:06:40 - Failed to download image for PMC11852151__antioxidants-14-00156-g005 after 3 attempts.

2025-07-14 16:06:47 - Failed to download image for PMC11852151__antioxidants-14-00156-g010 after 3 attempts.

2025-07-14 16:06:55 - Failed to download image for PMC11852151__antioxidants-14-00156-g011 after 3 attempts.

2025-07-14 16:09:09 - Failed to download image for PMC11852166__bioengineering-12-00120-g004 after 3 attempts.

2025-07-14 16:12:50 - Failed to download image for PMC11852603__biomolecules-15-00165-g004 after 3 attempts.

2025-07-14 16:13:27 - Failed to download image for PMC11852436__biomedicines-13-00279-g002 after 3 attempts.

2025-07-14 16:15:18 - Failed to download image for PMC11092615__nihpp-2024.04.29.591726v2-f0002 after 3 attempts.

2025-07-14 16:17:14 - Failed to download image for PMC11851894__bioengineering-12-00096-g004a after 3 attempts.

2025-07-14 16:17:22 - Failed to download image for PMC11851894__bioengineering-12-00096-g005 after 3 attempts.

2025-07-14 16:17:30 - Failed to download image for PMC11851894__bioengineering-12-00096-g006 after 3 attempts.

2025-07-14 16:18:17 - Failed to download image for PMC11852140__biomedicines-13-00251-g003 after 3 attempts.

2025-07-14 16:18:25 - Failed to download image for PMC11852140__biomedicines-13-00251-g005 after 3 attempts.

2025-07-14 16:18:32 - Failed to download image for PMC11852140__biomedicines-13-00251-g007 after 3 attempts.

2025-07-14 16:18:41 - Failed to download image for PMC11852140__biomedicines-13-00251-g009 after 3 attempts.

2025-07-14 16:25:18 - Failed to download image for PMC11118447__nihpp-2024.05.11.593693v3-f0001 after 3 attempts.

2025-07-14 16:25:25 - Failed to download image for PMC11118447__nihpp-2024.05.11.593693v3-f0007 after 3 attempts.

2025-07-14 16:30:39 - Failed to download image for PMC11014553__nihpp-2024.04.04.588144v3-f0002 after 3 attempts.

2025-07-14 16:44:22 - New pathway figures downloaded: 2335

2025-07-14 16:44:22 - NCBI PMC Figure Fetcher completed

2025-07-14 16:44:22 - ==========================================================

2025-07-14 16:44:26 - Starting NCBI PMC Figure Fetcher

2025-07-14 16:44:26 - Configuration loaded from query_config.yml

2025-07-14 16:44:26 - PMC search query: (((((((((((signaling pathway[Figure/Table Caption]) OR signalling pathway[Figure/Table Caption]) OR regulatory pathway[Figure/Table Caption]) OR disease pathway[Figure/Table Caption]) OR drug pathway[Figure/Table Caption]) OR metabolic pathway[Figure/Table Caption]) OR biosynthetic pathway[Figure/Table Caption]) OR synthesis pathway[Figure/Table Caption]) OR cancer pathway[Figure/Table Caption]) OR response pathway[Figure/Table Caption]) OR cycle pathway[Figure/Table Caption])) AND (2025/02/03[PUBDATE] : 2025/03/03[PUBDATE])

2025-07-14 16:45:07 - PMC search completed. Fetched 1325 results (max set to 3000).

2025-07-14 16:45:21 - Extracted 9022 figures from XML content.

2025-07-14 16:45:21 - Identified 2675 pathway figures.

2025-07-14 16:45:21 - Skipped 111 figures previously processed.

2025-07-14 16:45:21 - Processed 2564 pathway figures for download.

2025-07-14 17:07:59 - Failed to download image for PMC11092657__nihpp-2024.05.01.592016v2-f0003 after 3 attempts.

2025-07-14 17:08:06 - Failed to download image for PMC11092657__nihpp-2024.05.01.592016v2-f0004 after 3 attempts.

2025-07-14 17:08:58 - Failed to download image for PMC11851913__animals-15-00581-g004 after 3 attempts.

2025-07-14 17:09:06 - Failed to download image for PMC11851913__animals-15-00581-g006 after 3 attempts.

2025-07-14 17:10:10 - Failed to download image for PMC10312744__nihpp-2023.06.16.545321v2-f0001 after 3 attempts.

2025-07-14 17:10:18 - Failed to download image for PMC10312744__nihpp-2023.06.16.545321v2-f0010 after 3 attempts.

2025-07-14 17:10:25 - Failed to download image for PMC10312744__nihpp-2023.06.16.545321v2-f0011 after 3 attempts.

2025-07-14 17:14:19 - Failed to download image for PMC11852681__biomedicines-13-00482-g007 after 3 attempts.

2025-07-14 17:16:23 - Failed to download image for PMC11852077__antioxidants-14-00217-g004 after 3 attempts.

2025-07-14 17:16:30 - Failed to download image for PMC11852077__antioxidants-14-00217-g005 after 3 attempts.

2025-07-14 17:16:39 - Failed to download image for PMC11852077__antioxidants-14-00217-g006 after 3 attempts.

2025-07-14 17:16:53 - Failed to download image for PMC11852077__antioxidants-14-00217-g007a after 3 attempts.

2025-07-14 17:17:39 - Failed to download image for PMC11852254__animals-15-00559-g005 after 3 attempts.

2025-07-14 17:18:20 - Failed to download image for PMC11852612__biomolecules-15-00285-g006 after 3 attempts.

2025-07-14 17:19:59 - Failed to download image for PMC11851988__antioxidants-14-00213-g001 after 3 attempts.

2025-07-14 17:21:43 - Failed to download image for PMC11852153__animals-15-00506-g010 after 3 attempts.

2025-07-14 17:23:14 - Failed to download image for PMC11852493__biomolecules-15-00263-g002 after 3 attempts.

2025-07-14 17:23:21 - Failed to download image for PMC11852493__biomolecules-15-00263-g003 after 3 attempts.

2025-07-14 17:23:29 - Failed to download image for PMC11852493__biomolecules-15-00263-g004 after 3 attempts.

2025-07-14 17:23:36 - Failed to download image for PMC11852493__biomolecules-15-00263-g005 after 3 attempts.

2025-07-14 17:23:44 - Failed to download image for PMC11852493__biomolecules-15-00263-g006 after 3 attempts.

2025-07-14 17:24:29 - Failed to download image for PMC11852052__biology-14-00184-g009 after 3 attempts.

2025-07-14 17:28:19 - Failed to download image for PMC11852789__biomolecules-15-00248-g002 after 3 attempts.

2025-07-14 17:28:26 - Failed to download image for PMC11852789__biomolecules-15-00248-g001 after 3 attempts.

2025-07-14 17:28:34 - Failed to download image for PMC11852789__biomolecules-15-00248-g004 after 3 attempts.

2025-07-14 17:38:20 - Failed to download image for PMC11852594__biomolecules-15-00223-g002 after 3 attempts.

2025-07-14 17:38:28 - Failed to download image for PMC11852594__biomolecules-15-00223-g003 after 3 attempts.

2025-07-14 17:38:41 - New pathway figures downloaded: 2537

2025-07-14 17:38:41 - NCBI PMC Figure Fetcher completed

2025-07-14 17:38:41 - ==========================================================

2025-07-14 17:38:54 - Starting NCBI PMC Figure Fetcher

2025-07-14 17:38:54 - Configuration loaded from query_config.yml

2025-07-14 17:38:54 - PMC search query: (((((((((((signaling pathway[Figure/Table Caption]) OR signalling pathway[Figure/Table Caption]) OR regulatory pathway[Figure/Table Caption]) OR disease pathway[Figure/Table Caption]) OR drug pathway[Figure/Table Caption]) OR metabolic pathway[Figure/Table Caption]) OR biosynthetic pathway[Figure/Table Caption]) OR synthesis pathway[Figure/Table Caption]) OR cancer pathway[Figure/Table Caption]) OR response pathway[Figure/Table Caption]) OR cycle pathway[Figure/Table Caption])) AND (2025/03/03[PUBDATE] : 2025/04/03[PUBDATE])

2025-07-14 17:39:21 - PMC search completed. Fetched 1461 results (max set to 3000).

2025-07-14 17:39:38 - Extracted 9749 figures from XML content.

2025-07-14 17:39:38 - Identified 2955 pathway figures.

2025-07-14 17:39:38 - Skipped 116 figures previously processed.

2025-07-14 17:39:38 - Processed 2839 pathway figures for download.

2025-07-14 18:44:53 - Failed to download image for PMC11188117__nihpp-2024.06.12.598563v3-f0002 after 3 attempts.

2025-07-14 18:45:01 - Failed to download image for PMC11188117__nihpp-2024.06.12.598563v3-f0004 after 3 attempts.

2025-07-14 18:45:08 - Failed to download image for PMC11188117__nihpp-2024.06.12.598563v3-f0005 after 3 attempts.

2025-07-14 18:45:15 - Failed to download image for PMC11188117__nihpp-2024.06.12.598563v3-f0006 after 3 attempts.

2025-07-14 18:45:24 - Failed to download image for PMC11188117__nihpp-2024.06.12.598563v3-f0007 after 3 attempts.

2025-07-14 18:48:59 - New pathway figures downloaded: 2834

2025-07-14 18:48:59 - NCBI PMC Figure Fetcher completed

2025-07-14 18:48:59 - ==========================================================

2025-07-14 19:50:23 - Starting NCBI PMC Figure Fetcher

2025-07-14 19:50:23 - Configuration loaded from query_config.yml

2025-07-14 19:50:23 - PMC search query: (((((((((((signaling pathway[Figure/Table Caption]) OR signalling pathway[Figure/Table Caption]) OR regulatory pathway[Figure/Table Caption]) OR disease pathway[Figure/Table Caption]) OR drug pathway[Figure/Table Caption]) OR metabolic pathway[Figure/Table Caption]) OR biosynthetic pathway[Figure/Table Caption]) OR synthesis pathway[Figure/Table Caption]) OR cancer pathway[Figure/Table Caption]) OR response pathway[Figure/Table Caption]) OR cycle pathway[Figure/Table Caption])) AND (2025/04/03[PUBDATE] : 2025/05/03[PUBDATE])

2025-07-14 19:50:48 - PMC search completed. Fetched 1344 results (max set to 3000).

2025-07-14 19:51:03 - Extracted 9115 figures from XML content.

2025-07-14 19:51:03 - Identified 2664 pathway figures.

2025-07-14 19:51:03 - Skipped 72 figures previously processed.

2025-07-14 19:51:03 - Processed 2592 pathway figures for download.

2025-07-14 20:40:36 - New pathway figures downloaded: 2592

2025-07-14 20:40:36 - NCBI PMC Figure Fetcher completed

2025-07-14 20:40:36 - ==========================================================

2025-07-14 21:04:32 - Starting NCBI PMC Figure Fetcher

2025-07-14 21:04:32 - Configuration loaded from query_config.yml

2025-07-14 21:04:32 - PMC search query: (((((((((((signaling pathway[Figure/Table Caption]) OR signalling pathway[Figure/Table Caption]) OR regulatory pathway[Figure/Table Caption]) OR disease pathway[Figure/Table Caption]) OR drug pathway[Figure/Table Caption]) OR metabolic pathway[Figure/Table Caption]) OR biosynthetic pathway[Figure/Table Caption]) OR synthesis pathway[Figure/Table Caption]) OR cancer pathway[Figure/Table Caption]) OR response pathway[Figure/Table Caption]) OR cycle pathway[Figure/Table Caption])) AND (2025/05/03[PUBDATE] : 2025/06/03[PUBDATE])

2025-07-14 21:04:57 - PMC search completed. Fetched 1352 results (max set to 3000).

2025-07-14 21:05:12 - Extracted 9110 figures from XML content.

2025-07-14 21:05:12 - Identified 2691 pathway figures.

2025-07-14 21:05:12 - Skipped 34 figures previously processed.

2025-07-14 21:05:12 - Processed 2657 pathway figures for download.

2025-07-14 21:22:34 - Failed to download image for PMC12139816__NA after 3 attempts.

2025-07-14 21:22:41 - Failed to download image for PMC12139816__NA after 3 attempts.

2025-07-14 21:22:48 - Failed to download image for PMC12139816__NA after 3 attempts.

2025-07-14 22:05:30 - New pathway figures downloaded: 2654

2025-07-14 22:05:30 - NCBI PMC Figure Fetcher completed

2025-07-14 22:05:30 - ==========================================================

2025-07-14 22:05:36 - Starting NCBI PMC Figure Fetcher

2025-07-14 22:05:36 - Configuration loaded from query_config.yml

2025-07-14 22:05:36 - Final stretch, then deactivating cycle.

2025-07-14 22:05:36 - PMC search query: (((((((((((signaling pathway[Figure/Table Caption]) OR signalling pathway[Figure/Table Caption]) OR regulatory pathway[Figure/Table Caption]) OR disease pathway[Figure/Table Caption]) OR drug pathway[Figure/Table Caption]) OR metabolic pathway[Figure/Table Caption]) OR biosynthetic pathway[Figure/Table Caption]) OR synthesis pathway[Figure/Table Caption]) OR cancer pathway[Figure/Table Caption]) OR response pathway[Figure/Table Caption]) OR cycle pathway[Figure/Table Caption])) AND (2025/06/03[PUBDATE] : 3000/01/01[PUBDATE])

2025-07-14 22:06:08 - PMC search completed. Fetched 1319 results (max set to 3000).

2025-07-14 22:06:23 - Extracted 8981 figures from XML content.

2025-07-14 22:06:23 - Identified 2677 pathway figures.

2025-07-14 22:06:23 - Skipped 102 figures previously processed.

2025-07-14 22:06:23 - Processed 2575 pathway figures for download.

2025-07-14 22:55:36 - Failed to download image for PMC10055258__nihpp-2023.03.20.533581v3-f0005 after 3 attempts.

2025-07-14 22:55:44 - Failed to download image for PMC10055258__nihpp-2023.03.20.533581v3-f0006 after 3 attempts.

2025-07-14 22:55:57 - New pathway figures downloaded: 2573

2025-07-14 22:55:57 - NCBI PMC Figure Fetcher completed

2025-07-14 22:55:57 - ==========================================================

2026-05-13 14:53:58 - Starting NCBI PMC Figure Fetcher

2026-05-13 14:53:58 - Configuration loaded from query_config.yml

2026-05-13 14:53:58 - PMC search query: (((((((((((signaling pathway[Figure/Table Caption]) OR signalling pathway[Figure/Table Caption]) OR regulatory pathway[Figure/Table Caption]) OR disease pathway[Figure/Table Caption]) OR drug pathway[Figure/Table Caption]) OR metabolic pathway[Figure/Table Caption]) OR biosynthetic pathway[Figure/Table Caption]) OR synthesis pathway[Figure/Table Caption]) OR cancer pathway[Figure/Table Caption]) OR response pathway[Figure/Table Caption]) OR cycle pathway[Figure/Table Caption])) AND (2025/06/03[PUBDATE] : 2025/07/03[PUBDATE])

2026-05-13 14:54:40 - PMC search completed. Fetched 3000 results (max set to 3000).

2026-05-13 14:55:15 - Extracted 4723 figures from XML content.

2026-05-13 14:55:15 - Identified 1213 pathway figures.

2026-05-13 14:55:15 - Skipped 140 figures previously processed.

2026-05-13 14:55:15 - Processed 1073 pathway figures for download.

2026-05-13 14:55:22 - Failed to download image for PMC13118810__nihms-2161899-f0001 after 3 attempts.

2026-05-13 14:55:29 - Failed to download image for PMC13135775__nihms-2169408-f0001 after 3 attempts.

2026-05-13 14:55:36 - Failed to download image for PMC13135775__nihms-2169408-f0002 after 3 attempts.

2026-05-13 14:55:43 - Failed to download image for PMC13135775__nihms-2169408-f0003 after 3 attempts.

2026-05-13 14:55:49 - Failed to download image for PMC13135775__nihms-2169408-f0005 after 3 attempts.

2026-05-13 14:55:59 - Failed to download image for PMC13142818__nihms-2169245-f0001 after 3 attempts.

2026-05-13 14:56:06 - Failed to download image for PMC13142818__nihms-2169245-f0002 after 3 attempts.

2026-05-13 14:56:16 - Failed to download image for PMC13150862__nihms-2168624-f0001 after 3 attempts.

2026-05-13 14:56:29 - Failed to download image for PMC13112467__nihms-2163143-f0002 after 3 attempts.

2026-05-13 15:10:21 - New pathway figures downloaded: 1064

2026-05-13 15:10:21 - NCBI PMC Figure Fetcher completed

2026-05-13 15:10:21 - ==========================================================

2026-05-13 15:33:46 - Starting NCBI PMC Figure Fetcher

2026-05-13 15:33:46 - Configuration loaded from query_config.yml

2026-05-13 15:33:47 - PMC search query: (((((((((((signaling pathway[Figure/Table Caption]) OR signalling pathway[Figure/Table Caption]) OR regulatory pathway[Figure/Table Caption]) OR disease pathway[Figure/Table Caption]) OR drug pathway[Figure/Table Caption]) OR metabolic pathway[Figure/Table Caption]) OR biosynthetic pathway[Figure/Table Caption]) OR synthesis pathway[Figure/Table Caption]) OR cancer pathway[Figure/Table Caption]) OR response pathway[Figure/Table Caption]) OR cycle pathway[Figure/Table Caption])) AND (2025/07/03[PUBDATE] : 2025/08/03[PUBDATE])

2026-05-13 15:34:33 - PMC search completed. Fetched 3000 results (max set to 3000).

2026-05-13 15:35:08 - Extracted 4808 figures from XML content.

2026-05-13 15:35:08 - Identified 1253 pathway figures.

2026-05-13 15:35:08 - Skipped 19 figures previously processed.

2026-05-13 15:35:08 - Processed 1234 pathway figures for download.

2026-05-13 15:35:21 - Failed to download image for PMC12810938__nihms-2136053-f0001 after 3 attempts.

2026-05-13 15:35:28 - Failed to download image for PMC12810938__nihms-2136053-f0002 after 3 attempts.

2026-05-13 15:35:44 - Failed to download image for PMC12337047__nihms-2099532-f0003 after 3 attempts.

2026-05-13 15:35:51 - Failed to download image for PMC13153432__nihms-2169642-f0002 after 3 attempts.

2026-05-13 15:35:58 - Failed to download image for PMC13153432__nihms-2169642-f0004 after 3 attempts.

2026-05-13 15:36:05 - Failed to download image for PMC13153707__ab-25-0027f3 after 3 attempts.

2026-05-13 15:36:13 - Failed to download image for PMC12335325__nihms-2101842-f0009 after 3 attempts.

2026-05-13 15:52:56 - New pathway figures downloaded: 1227

2026-05-13 15:52:56 - NCBI PMC Figure Fetcher completed

2026-05-13 15:52:56 - ==========================================================

2026-05-13 16:07:15 - Starting NCBI PMC Figure Fetcher

2026-05-13 16:07:15 - Configuration loaded from query_config.yml

2026-05-13 16:07:16 - PMC search query: (((((((((((signaling pathway[Figure/Table Caption]) OR signalling pathway[Figure/Table Caption]) OR regulatory pathway[Figure/Table Caption]) OR disease pathway[Figure/Table Caption]) OR drug pathway[Figure/Table Caption]) OR metabolic pathway[Figure/Table Caption]) OR biosynthetic pathway[Figure/Table Caption]) OR synthesis pathway[Figure/Table Caption]) OR cancer pathway[Figure/Table Caption]) OR response pathway[Figure/Table Caption]) OR cycle pathway[Figure/Table Caption])) AND (2025/08/03[PUBDATE] : 2025/09/03[PUBDATE])

2026-05-13 16:07:59 - PMC search completed. Fetched 3000 results (max set to 3000).

2026-05-13 16:08:38 - Extracted 4696 figures from XML content.

2026-05-13 16:08:38 - Identified 1282 pathway figures.

2026-05-13 16:08:38 - Skipped 1 figures previously processed.

2026-05-13 16:08:38 - Processed 1281 pathway figures for download.

2026-05-13 16:08:45 - Failed to download image for PMC12376088__nihms-2104499-f0003 after 3 attempts.

2026-05-13 16:08:51 - Failed to download image for PMC12376088__nihms-2104499-f0006 after 3 attempts.

2026-05-13 16:09:04 - Failed to download image for PMC13132115__02mjms3204_raf1 after 3 attempts.

2026-05-13 16:09:13 - Failed to download image for PMC13109850__nihms-2166645-f0001 after 3 attempts.

2026-05-13 16:09:19 - Failed to download image for PMC12923262__nihms-2106247-f0001 after 3 attempts.

2026-05-13 16:09:26 - Failed to download image for PMC12923262__nihms-2106247-f0002 after 3 attempts.

2026-05-13 16:09:33 - Failed to download image for PMC12923262__nihms-2106247-f0003 after 3 attempts.

2026-05-13 16:09:40 - Failed to download image for PMC12923262__nihms-2106247-f0006 after 3 attempts.

2026-05-13 16:09:48 - Failed to download image for PMC13138257__nihms-2153428-f0003 after 3 attempts.

2026-05-13 16:09:54 - Failed to download image for PMC13138687__nihms-2166408-f0001 after 3 attempts.

2026-05-13 16:10:01 - Failed to download image for PMC13138687__nihms-2166408-f0002 after 3 attempts.

2026-05-13 16:10:08 - Failed to download image for PMC13138687__nihms-2166408-f0004 after 3 attempts.

2026-05-13 16:10:57 - Failed to download image for PMC12877386__ab-24-0859f2 after 3 attempts.

2026-05-13 16:12:29 - Failed to download image for PMC12578386__jci-135-183541-g005 after 3 attempts.

2026-05-13 16:12:36 - Failed to download image for PMC12578386__jci-135-183541-g006 after 3 attempts.

2026-05-13 16:26:22 - New pathway figures downloaded: 1266

2026-05-13 16:26:22 - NCBI PMC Figure Fetcher completed

2026-05-13 16:26:22 - ==========================================================

2026-05-15 02:12:46 - Starting NCBI PMC Figure Fetcher

2026-05-15 02:12:46 - Configuration loaded from query_config.yml

2026-05-15 02:12:46 - PMC search query: (((((((((((signaling pathway[Figure/Table Caption]) OR signalling pathway[Figure/Table Caption]) OR regulatory pathway[Figure/Table Caption]) OR disease pathway[Figure/Table Caption]) OR drug pathway[Figure/Table Caption]) OR metabolic pathway[Figure/Table Caption]) OR biosynthetic pathway[Figure/Table Caption]) OR synthesis pathway[Figure/Table Caption]) OR cancer pathway[Figure/Table Caption]) OR response pathway[Figure/Table Caption]) OR cycle pathway[Figure/Table Caption])) AND (2025/09/03[PUBDATE] : 2025/10/03[PUBDATE])

2026-05-15 02:13:37 - PMC search completed. Fetched 3000 results (max set to 3000).

2026-05-15 02:14:10 - Extracted 4449 figures from XML content.

2026-05-15 02:14:10 - Identified 1164 pathway figures.

2026-05-15 02:14:10 - Skipped 22 figures previously processed.

2026-05-15 02:14:10 - Processed 1142 pathway figures for download.

2026-05-15 02:14:19 - Failed to download image for PMC13120755__nihms-2164403-f0006 after 3 attempts.

2026-05-15 02:14:28 - Failed to download image for PMC13112368__nihms-2118855-f0002 after 3 attempts.

2026-05-15 02:14:37 - Failed to download image for PMC13158003__nihms-2168491-f0002 after 3 attempts.

2026-05-15 02:14:44 - Failed to download image for PMC13128149__nihms-2164024-f0007 after 3 attempts.

2026-05-15 02:14:56 - Failed to download image for PMC13107971__nihms-2150110-f0002 after 3 attempts.

2026-05-15 02:15:03 - Failed to download image for PMC13107971__nihms-2150110-f0003 after 3 attempts.

2026-05-15 02:15:10 - Failed to download image for PMC13107971__nihms-2150110-f0005 after 3 attempts.

2026-05-15 02:15:17 - Failed to download image for PMC13107971__nihms-2150110-f0006 after 3 attempts.

2026-05-15 02:15:24 - Failed to download image for PMC13107971__nihms-2150110-f0008 after 3 attempts.

2026-05-15 02:15:31 - Failed to download image for PMC13107971__nihms-2150110-f0009 after 3 attempts.

2026-05-15 02:15:38 - Failed to download image for PMC13107971__nihms-2150110-f0011 after 3 attempts.

2026-05-15 02:30:34 - New pathway figures downloaded: 1131

2026-05-15 02:30:34 - NCBI PMC Figure Fetcher completed

2026-05-15 02:30:34 - ==========================================================

2026-05-15 03:54:25 - Starting NCBI PMC Figure Fetcher

2026-05-15 03:54:25 - Configuration loaded from query_config.yml

2026-05-15 03:54:25 - PMC search query: (((((((((((signaling pathway[Figure/Table Caption]) OR signalling pathway[Figure/Table Caption]) OR regulatory pathway[Figure/Table Caption]) OR disease pathway[Figure/Table Caption]) OR drug pathway[Figure/Table Caption]) OR metabolic pathway[Figure/Table Caption]) OR biosynthetic pathway[Figure/Table Caption]) OR synthesis pathway[Figure/Table Caption]) OR cancer pathway[Figure/Table Caption]) OR response pathway[Figure/Table Caption]) OR cycle pathway[Figure/Table Caption])) AND (2025/10/03[PUBDATE] : 2025/11/03[PUBDATE])

2026-05-15 03:55:07 - PMC search completed. Fetched 3000 results (max set to 3000).

2026-05-15 03:55:47 - Extracted 5271 figures from XML content.

2026-05-15 03:55:47 - Identified 1423 pathway figures.

2026-05-15 03:55:47 - Skipped 29 figures previously processed.

2026-05-15 03:55:47 - Processed 1394 pathway figures for download.

2026-05-15 03:55:56 - Failed to download image for PMC13120755__nihms-2164403-f0006 after 3 attempts.

2026-05-15 03:56:03 - Failed to download image for PMC13123869__nihms-2120609-f0002 after 3 attempts.

2026-05-15 03:56:09 - Failed to download image for PMC13157324__nihms-2168550-f0002 after 3 attempts.

2026-05-15 03:56:16 - Failed to download image for PMC12505303__nihms-2162755-f0002 after 3 attempts.

2026-05-15 03:56:23 - Failed to download image for PMC12505303__nihms-2162755-f0003 after 3 attempts.

2026-05-15 03:56:30 - Failed to download image for PMC12505303__nihms-2162755-f0006 after 3 attempts.

2026-05-15 03:56:37 - Failed to download image for PMC12505303__nihms-2162755-f0008 after 3 attempts.

2026-05-15 03:56:43 - Failed to download image for PMC12327362__nihms-2094245-f0005 after 3 attempts.

2026-05-15 03:56:50 - Failed to download image for PMC12327362__nihms-2094245-f0006 after 3 attempts.

2026-05-15 03:56:57 - Failed to download image for PMC13107207__nihms-2158712-f0002 after 3 attempts.

2026-05-15 03:57:04 - Failed to download image for PMC12690143__nihms-2166873-f0002 after 3 attempts.

2026-05-15 03:57:11 - Failed to download image for PMC12690143__nihms-2166873-f0003 after 3 attempts.

2026-05-15 03:57:18 - Failed to download image for PMC12677201__nihms-2117124-f0004 after 3 attempts.

2026-05-15 03:57:25 - Failed to download image for PMC13132108__12mjms3205_scf10 after 3 attempts.

2026-05-15 04:14:54 - New pathway figures downloaded: 1380

2026-05-15 04:14:54 - NCBI PMC Figure Fetcher completed

2026-05-15 04:14:54 - ==========================================================

2026-05-15 14:55:57 - Starting NCBI PMC Figure Fetcher

2026-05-15 14:55:57 - Configuration loaded from query_config.yml

2026-05-15 14:55:58 - PMC search query: (((((((((((signaling pathway[Figure/Table Caption]) OR signalling pathway[Figure/Table Caption]) OR regulatory pathway[Figure/Table Caption]) OR disease pathway[Figure/Table Caption]) OR drug pathway[Figure/Table Caption]) OR metabolic pathway[Figure/Table Caption]) OR biosynthetic pathway[Figure/Table Caption]) OR synthesis pathway[Figure/Table Caption]) OR cancer pathway[Figure/Table Caption]) OR response pathway[Figure/Table Caption]) OR cycle pathway[Figure/Table Caption])) AND (2025/11/03[PUBDATE] : 2025/12/03[PUBDATE])

2026-05-15 14:56:40 - PMC search completed. Fetched 3000 results (max set to 3000).

2026-05-15 14:57:17 - Extracted 4106 figures from XML content.

2026-05-15 14:57:17 - Identified 1102 pathway figures.

2026-05-15 14:57:17 - Skipped 14 figures previously processed.

2026-05-15 14:57:17 - Processed 1088 pathway figures for download.

2026-05-15 14:57:24 - Failed to download image for PMC13175048__ab-250560f5 after 3 attempts.

2026-05-15 14:57:31 - Failed to download image for PMC13175048__ab-250560f7 after 3 attempts.

2026-05-15 14:57:38 - Failed to download image for PMC13152683__nihms-2166677-f0003 after 3 attempts.

2026-05-15 14:57:45 - Failed to download image for PMC12712850__nihms-2115595-f0001 after 3 attempts.

2026-05-15 14:57:52 - Failed to download image for PMC13127300__nihms-2164659-f0003 after 3 attempts.

2026-05-15 14:57:59 - Failed to download image for PMC13127300__nihms-2164659-f0005 after 3 attempts.

2026-05-15 14:58:05 - Failed to download image for PMC13134761__pharmaceuticals-18-01820-g004 after 3 attempts.

2026-05-15 14:58:12 - Failed to download image for PMC13122166__cpn-24-2-333-f1 after 3 attempts.

2026-05-15 14:58:19 - Failed to download image for PMC13122166__cpn-24-2-333-f2 after 3 attempts.

2026-05-15 14:58:26 - Failed to download image for PMC12327362__nihms-2094245-f0005 after 3 attempts.

2026-05-15 14:58:33 - Failed to download image for PMC12327362__nihms-2094245-f0006 after 3 attempts.

2026-05-15 14:58:40 - Failed to download image for PMC12616627__nihms-2118162-f0006 after 3 attempts.

2026-05-15 14:58:48 - Failed to download image for PMC13150750__nihms-2152746-f0002 after 3 attempts.

2026-05-15 14:58:55 - Failed to download image for PMC13150750__nihms-2152746-f0003 after 3 attempts.

2026-05-15 14:59:02 - Failed to download image for PMC13150750__nihms-2152746-f0004 after 3 attempts.

2026-05-15 14:59:09 - Failed to download image for PMC7618423__EMS209324-f001 after 3 attempts.

2026-05-15 14:59:16 - Failed to download image for PMC13162521__nihms-2165848-f0001 after 3 attempts.

2026-05-15 14:59:22 - Failed to download image for PMC12874352__nihms-2130724-f0001 after 3 attempts.

2026-05-15 14:59:29 - Failed to download image for PMC13175069__ab-250112f2 after 3 attempts.

2026-05-15 14:59:36 - Failed to download image for PMC13175069__ab-250112f4 after 3 attempts.

2026-05-15 14:59:44 - Failed to download image for PMC13175069__ab-250112f5 after 3 attempts.

2026-05-15 14:59:51 - Failed to download image for PMC13120776__nihms-2150011-f0003 after 3 attempts.

2026-05-15 14:59:57 - Failed to download image for PMC13120776__nihms-2150011-f0004 after 3 attempts.

2026-05-15 15:00:22 - Failed to download image for PMC13108688__nihms-2165760-f0003 after 3 attempts.

2026-05-15 15:00:33 - Failed to download image for PMC13110559__nihms-2162050-f0007 after 3 attempts.

2026-05-15 15:00:39 - Failed to download image for PMC13110559__nihms-2162050-f0008 after 3 attempts.

2026-05-15 15:01:34 - Failed to download image for PMC12916253__NA after 3 attempts.

2026-05-15 15:01:41 - Failed to download image for PMC12916253__NA after 3 attempts.

2026-05-15 15:14:26 - New pathway figures downloaded: 1060

2026-05-15 15:14:26 - NCBI PMC Figure Fetcher completed

2026-05-15 15:14:26 - ==========================================================

2026-05-18 15:20:44 - Starting NCBI PMC Figure Fetcher

2026-05-18 15:20:44 - Configuration loaded from query_config.yml

2026-05-18 15:20:44 - PMC search query: (((((((((((signaling pathway[Figure/Table Caption]) OR signalling pathway[Figure/Table Caption]) OR regulatory pathway[Figure/Table Caption]) OR disease pathway[Figure/Table Caption]) OR drug pathway[Figure/Table Caption]) OR metabolic pathway[Figure/Table Caption]) OR biosynthetic pathway[Figure/Table Caption]) OR synthesis pathway[Figure/Table Caption]) OR cancer pathway[Figure/Table Caption]) OR response pathway[Figure/Table Caption]) OR cycle pathway[Figure/Table Caption])) AND (2025/12/03[PUBDATE] : 2026/01/03[PUBDATE])

2026-05-18 15:21:27 - PMC search completed. Fetched 3000 results (max set to 3000).

2026-05-18 15:22:01 - Extracted 4044 figures from XML content.

2026-05-18 15:22:01 - Identified 1030 pathway figures.

2026-05-18 15:22:01 - Skipped 2 figures previously processed.

2026-05-18 15:22:01 - Processed 1028 pathway figures for download.

2026-05-18 15:22:08 - Failed to download image for PMC13179723__nihms-2169219-f0007 after 3 attempts.

2026-05-18 15:22:15 - Failed to download image for PMC13178252__nihms-2166170-f0006 after 3 attempts.

2026-05-18 15:22:22 - Failed to download image for PMC13176232__fimmu-17-1772562-g000 after 3 attempts.

2026-05-18 15:22:29 - Failed to download image for PMC13173512__fmicb-17-1786701-g010 after 3 attempts.

2026-05-18 15:22:36 - Failed to download image for PMC13175681__nihms-2139343-f0005 after 3 attempts.

2026-05-18 15:22:43 - Failed to download image for PMC13175681__nihms-2139343-f0006 after 3 attempts.

2026-05-18 15:22:51 - Failed to download image for PMC13175068__ab-250631f5 after 3 attempts.

2026-05-18 15:22:58 - Failed to download image for PMC12951065__CCR-22-1-E1573403X343252_F2 after 3 attempts.

2026-05-18 15:23:05 - Failed to download image for PMC12951065__CCR-22-1-E1573403X343252_F4 after 3 attempts.

2026-05-18 15:23:12 - Failed to download image for PMC12951065__CCR-22-1-E1573403X343252_F7 after 3 attempts.

2026-05-18 15:23:19 - Failed to download image for PMC13162279__nihms-2165800-f0002 after 3 attempts.

2026-05-18 15:23:26 - Failed to download image for PMC12753182__nihms-2132993-f0007 after 3 attempts.

2026-05-18 15:23:33 - Failed to download image for PMC12755122__nihms-2129749-f0005 after 3 attempts.

2026-05-18 15:23:41 - Failed to download image for PMC13154170__nihms-2160346-f0001 after 3 attempts.

2026-05-18 15:23:48 - Failed to download image for PMC12795319__nihms-2122514-f0006 after 3 attempts.

2026-05-18 15:23:55 - Failed to download image for PMC13165482__nihms-2159280-f0003 after 3 attempts.

2026-05-18 15:24:03 - Failed to download image for PMC13165482__nihms-2159280-f0004 after 3 attempts.

2026-05-18 15:24:12 - Failed to download image for PMC13170452__cardj-33-e00226032f1 after 3 attempts.

2026-05-18 15:24:19 - Failed to download image for PMC12931926__nihms-2130607-f0002 after 3 attempts.

2026-05-18 15:24:26 - Failed to download image for PMC13129756__cmh-2025-0933f7 after 3 attempts.

2026-05-18 15:24:33 - Failed to download image for PMC13129781__cmh-2025-1019f3 after 3 attempts.

2026-05-18 15:24:40 - Failed to download image for PMC13129781__cmh-2025-1019f4 after 3 attempts.

2026-05-18 15:24:47 - Failed to download image for PMC13129781__cmh-2025-1019f6 after 3 attempts.

2026-05-18 15:24:54 - Failed to download image for PMC13143214__nihms-2169163-f0001 after 3 attempts.

2026-05-18 15:25:01 - Failed to download image for PMC13141778__nihms-2130606-f0003 after 3 attempts.

2026-05-18 15:25:08 - Failed to download image for PMC13135221__nihms-2139990-f0002 after 3 attempts.

2026-05-18 15:25:15 - Failed to download image for PMC13129753__cmh-2025-1126f2 after 3 attempts.

2026-05-18 15:25:22 - Failed to download image for PMC12721588__nihms-2118412-f0001 after 3 attempts.

2026-05-18 15:25:29 - Failed to download image for PMC12721588__nihms-2118412-f0003 after 3 attempts.

2026-05-18 15:25:37 - Failed to download image for PMC12774453__nihms-2127567-f0003 after 3 attempts.

2026-05-18 15:25:44 - Failed to download image for PMC12774453__nihms-2127567-f0007 after 3 attempts.

2026-05-18 15:25:56 - Failed to download image for PMC12884557__nihms-2135270-f0002 after 3 attempts.

2026-05-18 15:26:06 - Failed to download image for PMC13118231__nihms-2164338-f0003 after 3 attempts.

2026-05-18 15:26:17 - Failed to download image for PMC13124147__tjb-50-02-94f2 after 3 attempts.

2026-05-18 15:26:24 - Failed to download image for PMC13124147__tjb-50-02-94f6 after 3 attempts.

2026-05-18 15:26:31 - Failed to download image for PMC13124147__tjb-50-02-94f7 after 3 attempts.

2026-05-18 15:26:38 - Failed to download image for PMC13124147__tjb-50-02-94f8 after 3 attempts.

2026-05-18 15:43:34 - Failed to download image for PMC12784838__biology-15-00024-g002 after 3 attempts.

2026-05-18 15:45:41 - New pathway figures downloaded: 990

2026-05-18 15:45:41 - NCBI PMC Figure Fetcher completed

2026-05-18 15:45:41 - ==========================================================

2026-05-19 04:08:54 - Starting NCBI PMC Figure Fetcher

2026-05-19 04:08:54 - Configuration loaded from query_config.yml

2026-05-19 04:08:55 - PMC search query: (((((((((((signaling pathway[Figure/Table Caption]) OR signalling pathway[Figure/Table Caption]) OR regulatory pathway[Figure/Table Caption]) OR disease pathway[Figure/Table Caption]) OR drug pathway[Figure/Table Caption]) OR metabolic pathway[Figure/Table Caption]) OR biosynthetic pathway[Figure/Table Caption]) OR synthesis pathway[Figure/Table Caption]) OR cancer pathway[Figure/Table Caption]) OR response pathway[Figure/Table Caption]) OR cycle pathway[Figure/Table Caption])) AND (2026/01/03[PUBDATE] : 2026/02/03[PUBDATE])

2026-05-19 04:09:36 - PMC search completed. Fetched 3000 results (max set to 3000).

2026-05-19 04:10:11 - Extracted 3746 figures from XML content.

2026-05-19 04:10:11 - Identified 978 pathway figures.

2026-05-19 04:10:11 - Skipped 3 figures previously processed.

2026-05-19 04:10:11 - Processed 975 pathway figures for download.

2026-05-19 04:10:20 - Failed to download image for PMC13175157__nihms-2168219-f0005 after 3 attempts.

2026-05-19 04:10:30 - Failed to download image for PMC13175157__nihms-2168219-f0008 after 3 attempts.

2026-05-19 04:11:31 - Failed to download image for PMC13158880__nihms-2166110-f0003 after 3 attempts.

2026-05-19 04:12:18 - Failed to download image for PMC13158880__nihms-2166110-f0004 after 3 attempts.

2026-05-19 04:13:02 - Failed to download image for PMC13166119__nihms-2165771-f0001 after 3 attempts.

2026-05-19 04:13:22 - Failed to download image for PMC13166119__nihms-2165771-f0002 after 3 attempts.

2026-05-19 04:14:18 - Failed to download image for PMC13156815__nihms-2167142-f0002 after 3 attempts.

2026-05-19 04:14:54 - Failed to download image for PMC13156815__nihms-2167142-f0005 after 3 attempts.

2026-05-19 04:15:09 - Failed to download image for PMC13137872__nihms-2162514-f0002 after 3 attempts.

2026-05-19 04:16:27 - Failed to download image for PMC13138507__nihms-2144622-f0002 after 3 attempts.

2026-05-19 04:16:53 - Failed to download image for PMC13138507__nihms-2144622-f0003 after 3 attempts.

2026-05-19 04:17:07 - Failed to download image for PMC13138507__nihms-2144622-f0005 after 3 attempts.

2026-05-19 04:17:17 - Failed to download image for PMC13138507__nihms-2144622-f0006 after 3 attempts.

2026-05-19 04:17:57 - Failed to download image for PMC13141818__nihms-2151734-f0002 after 3 attempts.

2026-05-19 04:18:35 - Failed to download image for PMC13138196__nihms-2164850-f0001 after 3 attempts.

2026-05-19 04:18:45 - Failed to download image for PMC13169646__nihms-2154266-f0003 after 3 attempts.

2026-05-19 04:19:08 - Failed to download image for PMC13137452__nihms-2148728-f0006 after 3 attempts.

2026-05-19 04:20:31 - Failed to download image for PMC13135317__nihms-2161809-f0003 after 3 attempts.

2026-05-19 04:39:16 - Failed to download image for PMC12911852__nihms-2151506-f0002 after 3 attempts.

2026-05-19 05:02:10 - Failed to download image for PMC12948420__jci-136-196944-g127 after 3 attempts.

2026-05-19 05:09:16 - New pathway figures downloaded: 221

2026-05-19 05:09:16 - NCBI PMC Figure Fetcher completed

2026-05-19 05:09:16 - ==========================================================

2026-05-19 05:18:46 - Starting NCBI PMC Figure Fetcher

2026-05-19 05:18:46 - Configuration loaded from query_config.yml

2026-05-19 05:18:46 - PMC search query: (((((((((((signaling pathway[Figure/Table Caption]) OR signalling pathway[Figure/Table Caption]) OR regulatory pathway[Figure/Table Caption]) OR disease pathway[Figure/Table Caption]) OR drug pathway[Figure/Table Caption]) OR metabolic pathway[Figure/Table Caption]) OR biosynthetic pathway[Figure/Table Caption]) OR synthesis pathway[Figure/Table Caption]) OR cancer pathway[Figure/Table Caption]) OR response pathway[Figure/Table Caption]) OR cycle pathway[Figure/Table Caption])) AND (2026/02/03[PUBDATE] : 2026/03/03[PUBDATE])

2026-05-19 05:19:48 - PMC search completed. Fetched 3000 results (max set to 3000).

2026-05-19 05:20:20 - Extracted 3374 figures from XML content.

2026-05-19 05:20:20 - Identified 852 pathway figures.

2026-05-19 05:20:20 - Skipped 22 figures previously processed.

2026-05-19 05:20:20 - Processed 830 pathway figures for download.

2026-05-19 05:20:35 - Failed to download image for PMC13144983__nihms-2159296-f0002 after 3 attempts.

2026-05-19 05:21:20 - Failed to download image for PMC13157980__nihms-2167696-f0002 after 3 attempts.

2026-05-19 05:21:51 - Failed to download image for PMC13150177__973206300220610F2 after 3 attempts.

2026-05-19 05:23:04 - Failed to download image for PMC13158852__nihms-2159105-f0001 after 3 attempts.

2026-05-19 05:23:49 - Failed to download image for PMC13158852__nihms-2159105-f0004 after 3 attempts.

2026-05-19 05:24:06 - Failed to download image for PMC12993829__nihms-2150971-f0003 after 3 attempts.

2026-05-19 05:24:19 - Failed to download image for PMC12993829__nihms-2150971-f0005 after 3 attempts.

2026-05-19 05:24:59 - Failed to download image for PMC13153741__cep-2025-02565f1 after 3 attempts.

2026-05-19 05:25:11 - Failed to download image for PMC13153741__cep-2025-02565f2 after 3 attempts.

2026-05-19 05:25:21 - Failed to download image for PMC13153741__cep-2025-02565f3 after 3 attempts.

2026-05-19 05:26:27 - Failed to download image for PMC13153741__cep-2025-02565f4 after 3 attempts.

2026-05-19 05:27:19 - Failed to download image for PMC13153741__cep-2025-02565f5 after 3 attempts.

2026-05-19 05:27:51 - Failed to download image for PMC13157655__nihms-2167012-f0005 after 3 attempts.

2026-05-19 05:28:26 - Failed to download image for PMC13133726__nihms-2163477-f0005 after 3 attempts.

2026-05-19 05:28:58 - Failed to download image for PMC13135399__jciinsight-11-181427-g001 after 3 attempts.

2026-05-19 05:29:14 - Failed to download image for PMC13134718__jciinsight-11-194171-g285 after 3 attempts.

2026-05-19 05:29:50 - Failed to download image for PMC13134718__jciinsight-11-194171-g286 after 3 attempts.

2026-05-19 05:30:01 - Failed to download image for PMC13134715__jciinsight-11-192010-g029 after 3 attempts.

2026-05-19 05:30:11 - Failed to download image for PMC13134715__jciinsight-11-192010-g032 after 3 attempts.

2026-05-19 05:31:02 - Failed to download image for PMC13134736__jciinsight-11-196246-g095 after 3 attempts.

2026-05-19 05:31:33 - Failed to download image for PMC13135405__jciinsight-11-195410-g001 after 3 attempts.

2026-05-19 05:31:46 - Failed to download image for PMC13134731__jciinsight-11-197555-g143 after 3 attempts.

2026-05-19 05:32:14 - Failed to download image for PMC13138439__nihms-2158732-f0001 after 3 attempts.

2026-05-19 05:32:38 - Failed to download image for PMC13134729__jciinsight-11-192126-g257 after 3 attempts.

2026-05-19 05:32:57 - Failed to download image for PMC13135393__jciinsight-11-201033-g047 after 3 attempts.

2026-05-19 05:33:30 - Failed to download image for PMC13135393__jciinsight-11-201033-g050 after 3 attempts.

2026-05-19 05:34:04 - Failed to download image for PMC13135393__jciinsight-11-201033-g051 after 3 attempts.

2026-05-19 06:02:49 - Failed to download image for PMC13025252__genes-17-00257-g006 after 3 attempts.

2026-05-19 06:19:29 - Failed to download image for PMC13027536__metabolites-16-00152-g007 after 3 attempts.

2026-05-19 06:19:29 - New pathway figures downloaded: 274

2026-05-19 06:19:29 - NCBI PMC Figure Fetcher completed

2026-05-19 06:19:29 - ==========================================================

2026-05-19 06:32:14 - Starting NCBI PMC Figure Fetcher

2026-05-19 06:32:14 - Configuration loaded from query_config.yml

2026-05-19 06:32:15 - PMC search query: (((((((((((signaling pathway[Figure/Table Caption]) OR signalling pathway[Figure/Table Caption]) OR regulatory pathway[Figure/Table Caption]) OR disease pathway[Figure/Table Caption]) OR drug pathway[Figure/Table Caption]) OR metabolic pathway[Figure/Table Caption]) OR biosynthetic pathway[Figure/Table Caption]) OR synthesis pathway[Figure/Table Caption]) OR cancer pathway[Figure/Table Caption]) OR response pathway[Figure/Table Caption]) OR cycle pathway[Figure/Table Caption])) AND (2026/03/03[PUBDATE] : 2026/04/03[PUBDATE])

2026-05-19 06:33:00 - PMC search completed. Fetched 3000 results (max set to 3000).

2026-05-19 06:33:35 - Extracted 3696 figures from XML content.

2026-05-19 06:33:35 - Identified 1032 pathway figures.

2026-05-19 06:33:35 - Skipped 3 figures previously processed.

2026-05-19 06:33:35 - Processed 1029 pathway figures for download.

2026-05-19 06:33:48 - Failed to download image for PMC13172513__41419_2026_8684_Figa_HTML after 3 attempts.

2026-05-19 06:34:02 - Failed to download image for PMC13173924__12951_2026_4353_Figa_HTML after 3 attempts.

2026-05-19 06:34:12 - Failed to download image for PMC13178650__jci-136-196622-g245 after 3 attempts.

2026-05-19 06:34:25 - Failed to download image for PMC13178650__jci-136-196622-g250 after 3 attempts.

2026-05-19 06:34:35 - Failed to download image for PMC13178650__jci-136-196622-g252 after 3 attempts.

2026-05-19 06:34:47 - Failed to download image for PMC13178651__jci-136-182984-g077 after 3 attempts.

2026-05-19 06:35:03 - Failed to download image for PMC13178659__jci-136-201639-g001 after 3 attempts.

2026-05-19 06:35:17 - Failed to download image for PMC13178659__jci-136-201639-g006 after 3 attempts.

2026-05-19 06:35:26 - Failed to download image for PMC13178654__jci-136-196636-g275 after 3 attempts.

2026-05-19 06:35:40 - Failed to download image for PMC13178654__jci-136-196636-g276 after 3 attempts.

2026-05-19 06:35:52 - Failed to download image for PMC13178647__jci-136-192074-g162 after 3 attempts.

2026-05-19 06:36:02 - Failed to download image for PMC13178647__jci-136-192074-g163 after 3 attempts.

2026-05-19 06:36:13 - Failed to download image for PMC13178647__jci-136-192074-g164 after 3 attempts.

2026-05-19 06:36:36 - Failed to download image for PMC13178647__jci-136-192074-g165 after 3 attempts.

2026-05-19 06:36:48 - Failed to download image for PMC13178647__jci-136-192074-g168 after 3 attempts.

2026-05-19 06:37:04 - Failed to download image for PMC13178658__jci-136-200564-g258 after 3 attempts.

2026-05-19 06:37:19 - Failed to download image for PMC13178658__jci-136-200564-g260 after 3 attempts.

2026-05-19 06:37:39 - Failed to download image for PMC13178658__jci-136-200564-g262 after 3 attempts.

2026-05-19 06:38:11 - Failed to download image for PMC13179595__nihms-2159144-f0002 after 3 attempts.

2026-05-19 06:38:31 - Failed to download image for PMC13179595__nihms-2159144-f0003 after 3 attempts.

2026-05-19 06:38:41 - Failed to download image for PMC13175684__btrt-14-91-g002 after 3 attempts.

2026-05-19 06:38:55 - Failed to download image for PMC13175684__btrt-14-91-g003 after 3 attempts.

2026-05-19 06:39:19 - Failed to download image for PMC13173509__nihms-2160133-f0002 after 3 attempts.

2026-05-19 06:39:38 - Failed to download image for PMC13173509__nihms-2160133-f0004 after 3 attempts.

2026-05-19 06:39:50 - Failed to download image for PMC13172792__jkns-2026-0046f1 after 3 attempts.

2026-05-19 06:40:00 - Failed to download image for PMC13172641__enm-2025-2816f1 after 3 attempts.

2026-05-19 06:40:11 - Failed to download image for PMC13160183__nihms-2163469-f0001 after 3 attempts.

2026-05-19 06:40:22 - Failed to download image for PMC13160183__nihms-2163469-f0002 after 3 attempts.

2026-05-19 06:40:45 - Failed to download image for PMC13153647__eaht-41-1-e2026008f12 after 3 attempts.

2026-05-19 06:40:58 - Failed to download image for PMC13153738__cep-2025-02936f4 after 3 attempts.

2026-05-19 06:41:07 - Failed to download image for PMC13160386__nihms-2155451-f0001 after 3 attempts.

2026-05-19 06:41:15 - Failed to download image for PMC13151742__nihms-2169473-f0001 after 3 attempts.

2026-05-19 06:41:25 - Failed to download image for PMC13151742__nihms-2169473-f0003 after 3 attempts.

2026-05-19 06:41:34 - Failed to download image for PMC13151742__nihms-2169473-f0004 after 3 attempts.

2026-05-19 06:41:43 - Failed to download image for PMC13151742__nihms-2169473-f0005 after 3 attempts.

2026-05-19 06:41:53 - Failed to download image for PMC13149317__41375_2026_2912_Figa_HTML after 3 attempts.

2026-05-19 06:42:10 - Failed to download image for PMC13151891__nihms-2166549-f0001 after 3 attempts.

2026-05-19 06:42:20 - Failed to download image for PMC13147511__nihms-2161817-f0002 after 3 attempts.

2026-05-19 06:42:29 - Failed to download image for PMC13148803__nihms-2156705-f0003 after 3 attempts.

2026-05-19 06:42:39 - Failed to download image for PMC13147292__nihms-2160593-f0005 after 3 attempts.

2026-05-19 06:42:48 - Failed to download image for PMC13151962__nihms-2158546-f0002 after 3 attempts.

2026-05-19 06:42:57 - Failed to download image for PMC13151962__nihms-2158546-f0003 after 3 attempts.

2026-05-19 06:43:16 - Failed to download image for PMC13151962__nihms-2158546-f0001 after 3 attempts.

2026-05-19 06:43:25 - Failed to download image for PMC13148149__nihms-2161394-f0002 after 3 attempts.

2026-05-19 06:43:33 - Failed to download image for PMC13148149__nihms-2161394-f0003 after 3 attempts.

2026-05-19 06:43:41 - Failed to download image for PMC13144330__41420_2026_3032_Figa_HTML after 3 attempts.

2026-05-19 06:43:50 - Failed to download image for PMC13148413__nihms-2160504-f0005 after 3 attempts.

2026-05-19 06:43:58 - Failed to download image for PMC13141696__thnov16p5788g006 after 3 attempts.

2026-05-19 06:44:11 - Failed to download image for PMC13141696__thnov16p5788g007 after 3 attempts.

2026-05-19 06:44:20 - Failed to download image for PMC13141743__thnov16p5804g005 after 3 attempts.

2026-05-19 06:44:39 - Failed to download image for PMC13147270__nihms-2164879-f0002 after 3 attempts.

2026-05-19 06:44:48 - Failed to download image for PMC13137964__ijbsv22p4116g002 after 3 attempts.

2026-05-19 06:44:57 - Failed to download image for PMC13137964__ijbsv22p4116g003 after 3 attempts.

2026-05-19 06:45:06 - Failed to download image for PMC13137662__12964_2026_2836_Figa_HTML after 3 attempts.

2026-05-19 06:45:15 - Failed to download image for PMC13137856__ijbsv22p4004g005 after 3 attempts.

2026-05-19 06:45:27 - Failed to download image for PMC13137856__ijbsv22p4004g006 after 3 attempts.

2026-05-19 06:45:37 - Failed to download image for PMC13137863__ijbsv22p4095g002 after 3 attempts.

2026-05-19 06:45:51 - Failed to download image for PMC13137953__ijbsv22p4148g002 after 3 attempts.

2026-05-19 06:46:02 - Failed to download image for PMC13137953__ijbsv22p4148g003 after 3 attempts.

2026-05-19 06:46:11 - Failed to download image for PMC13137953__ijbsv22p4148g004 after 3 attempts.

2026-05-19 06:46:22 - Failed to download image for PMC13137969__ijbsv22p4139g001 after 3 attempts.

2026-05-19 06:46:33 - Failed to download image for PMC13138138__nihms-2163445-f0002 after 3 attempts.

2026-05-19 06:46:46 - Failed to download image for PMC13138138__nihms-2163445-f0003 after 3 attempts.

2026-05-19 06:46:58 - Failed to download image for PMC13138138__nihms-2163445-f0004 after 3 attempts.

2026-05-19 06:47:09 - Failed to download image for PMC13138138__nihms-2163445-f0005 after 3 attempts.

2026-05-19 06:47:18 - Failed to download image for PMC13137857__ijbsv22p4025g001 after 3 attempts.

2026-05-19 06:47:28 - Failed to download image for PMC13137857__ijbsv22p4025g002 after 3 attempts.

2026-05-19 06:47:36 - Failed to download image for PMC13137857__ijbsv22p4025g003 after 3 attempts.

2026-05-19 06:47:47 - Failed to download image for PMC13138660__antioxidants-15-00427-g001 after 3 attempts.

2026-05-19 06:47:56 - Failed to download image for PMC13138660__antioxidants-15-00427-g003 after 3 attempts.

2026-05-19 06:48:07 - Failed to download image for PMC13138660__antioxidants-15-00427-g004 after 3 attempts.

2026-05-19 06:48:22 - Failed to download image for PMC13138660__antioxidants-15-00427-g005 after 3 attempts.

2026-05-19 06:48:35 - Failed to download image for PMC13138660__antioxidants-15-00427-g006 after 3 attempts.

2026-05-19 06:48:44 - Failed to download image for PMC13135404__jciinsight-11-196521-g089 after 3 attempts.

2026-05-19 06:49:00 - Failed to download image for PMC13135396__jciinsight-11-198227-g241 after 3 attempts.

2026-05-19 06:49:10 - Failed to download image for PMC13135396__jciinsight-11-198227-g242 after 3 attempts.

2026-05-19 06:49:18 - Failed to download image for PMC13135396__jciinsight-11-198227-g243 after 3 attempts.

2026-05-19 06:49:27 - Failed to download image for PMC13135396__jciinsight-11-198227-g244 after 3 attempts.

2026-05-19 06:49:36 - Failed to download image for PMC13135396__jciinsight-11-198227-g245 after 3 attempts.

2026-05-19 06:49:43 - Failed to download image for PMC13138133__nihms-2157271-f0005 after 3 attempts.

2026-05-19 06:49:51 - Failed to download image for PMC13138133__nihms-2157271-f0010 after 3 attempts.

2026-05-19 06:50:02 - Failed to download image for PMC13133885__ijmsv23p1822g002 after 3 attempts.

2026-05-19 06:50:12 - Failed to download image for PMC13133885__ijmsv23p1822g003 after 3 attempts.

2026-05-19 06:50:19 - Failed to download image for PMC13137166__nihms-2155048-f0007 after 3 attempts.

2026-05-19 06:50:26 - Failed to download image for PMC13137166__nihms-2155048-f0008 after 3 attempts.

2026-05-19 06:50:34 - Failed to download image for PMC13135378__nihms-2162895-f0002 after 3 attempts.

2026-05-19 06:50:42 - Failed to download image for PMC13135378__nihms-2162895-f0003 after 3 attempts.

2026-05-19 06:50:50 - Failed to download image for PMC13135682__nihms-2166707-f0002 after 3 attempts.

2026-05-19 06:50:57 - Failed to download image for PMC13135389__jciinsight-11-200912-g189 after 3 attempts.

2026-05-19 06:51:06 - Failed to download image for PMC13135391__jciinsight-11-197126-g150 after 3 attempts.

2026-05-19 06:51:20 - Failed to download image for PMC13136912__nihms-2166439-f0001 after 3 attempts.

2026-05-19 06:51:29 - Failed to download image for PMC13136912__nihms-2166439-f0003 after 3 attempts.

2026-05-19 06:51:39 - Failed to download image for PMC13134451__nihms-2163443-f0001 after 3 attempts.

2026-05-19 06:51:50 - Failed to download image for PMC13134451__nihms-2163443-f0003 after 3 attempts.

2026-05-19 06:51:58 - Failed to download image for PMC13134451__nihms-2163443-f0004 after 3 attempts.

2026-05-19 06:52:15 - Failed to download image for PMC13134451__nihms-2163443-f0009 after 3 attempts.

2026-05-19 06:52:25 - Failed to download image for PMC13134451__nihms-2163443-f0010 after 3 attempts.

2026-05-19 06:52:36 - Failed to download image for PMC13134451__nihms-2163443-f0012 after 3 attempts.

2026-05-19 06:52:51 - Failed to download image for PMC13138154__nihms-2156888-f0007 after 3 attempts.

2026-05-19 06:53:00 - Failed to download image for PMC13135401__jciinsight-11-191475-g140 after 3 attempts.

2026-05-19 06:53:08 - Failed to download image for PMC13134718__jciinsight-11-194171-g285 after 3 attempts.

2026-05-19 06:53:20 - Failed to download image for PMC13134718__jciinsight-11-194171-g286 after 3 attempts.

2026-05-19 06:53:33 - Failed to download image for PMC13134714__jciinsight-11-195989-g273 after 3 attempts.

2026-05-19 07:10:36 - Failed to download image for PMC13075182__plants-15-01044-g005 after 3 attempts.

2026-05-19 07:10:53 - Failed to download image for PMC13075201__nutrients-18-01105-g004a after 3 attempts.

2026-05-19 07:11:18 - Failed to download image for PMC13075201__nutrients-18-01105-g005 after 3 attempts.

2026-05-19 07:11:31 - Failed to download image for PMC13074454__nutrients-18-01081-g002 after 3 attempts.

2026-05-19 07:11:55 - Failed to download image for PMC13074881__plants-15-01092-g007 after 3 attempts.

2026-05-19 07:12:04 - Failed to download image for PMC13074881__plants-15-01092-g008 after 3 attempts.

2026-05-19 07:12:28 - Failed to download image for PMC13073563__ijms-27-03125-g006 after 3 attempts.

2026-05-19 07:12:41 - Failed to download image for PMC13073563__ijms-27-03125-g007 after 3 attempts.

2026-05-19 07:12:49 - Failed to download image for PMC13073563__ijms-27-03125-g008 after 3 attempts.

2026-05-19 07:13:32 - Failed to download image for PMC13074122__ijms-27-03167-g005a after 3 attempts.

2026-05-19 07:13:42 - Failed to download image for PMC13074122__ijms-27-03167-g006 after 3 attempts.

2026-05-19 07:13:54 - Failed to download image for PMC13074122__ijms-27-03167-g008 after 3 attempts.

2026-05-19 07:14:55 - Failed to download image for PMC13072871__ijms-27-03162-g004 after 3 attempts.

2026-05-19 07:15:40 - Failed to download image for PMC13074086__ijms-27-03072-g003 after 3 attempts.

2026-05-19 07:18:49 - Failed to download image for PMC13075147__molecules-31-01111-g003 after 3 attempts.

2026-05-19 07:20:34 - Failed to download image for PMC13074959__molecules-31-01120-g002 after 3 attempts.

2026-05-19 07:20:44 - Failed to download image for PMC13074959__molecules-31-01120-g006 after 3 attempts.

2026-05-19 07:22:20 - Failed to download image for PMC13074055__materials-19-01300-g014 after 3 attempts.

2026-05-19 07:23:31 - Failed to download image for PMC13072240__animals-16-01085-g004 after 3 attempts.

2026-05-19 07:26:47 - Failed to download image for PMC13072964__ijms-27-02970-g002 after 3 attempts.

2026-05-19 07:28:02 - Failed to download image for PMC13072364__cells-15-00617-g001 after 3 attempts.

2026-05-19 07:28:23 - Failed to download image for PMC13072364__cells-15-00617-g002 after 3 attempts.

2026-05-19 07:28:51 - Failed to download image for PMC13072364__cells-15-00617-g003 after 3 attempts.

2026-05-19 07:32:27 - New pathway figures downloaded: 730

2026-05-19 07:32:27 - NCBI PMC Figure Fetcher completed

2026-05-19 07:32:27 - ==========================================================

2026-05-19 15:26:40 - Starting NCBI PMC Figure Fetcher

2026-05-19 15:26:40 - Configuration loaded from query_config.yml

2026-05-19 15:26:41 - Final stretch, then deactivating cycle.

2026-05-19 15:26:41 - PMC search query: (((((((((((signaling pathway[Figure/Table Caption]) OR signalling pathway[Figure/Table Caption]) OR regulatory pathway[Figure/Table Caption]) OR disease pathway[Figure/Table Caption]) OR drug pathway[Figure/Table Caption]) OR metabolic pathway[Figure/Table Caption]) OR biosynthetic pathway[Figure/Table Caption]) OR synthesis pathway[Figure/Table Caption]) OR cancer pathway[Figure/Table Caption]) OR response pathway[Figure/Table Caption]) OR cycle pathway[Figure/Table Caption])) AND (2026/04/03[PUBDATE] : 3000/01/01[PUBDATE])

2026-05-19 15:27:24 - PMC search completed. Fetched 3000 results (max set to 3000).

2026-05-19 15:28:08 - Extracted 5685 figures from XML content.

2026-05-19 15:28:08 - Identified 1563 pathway figures.

2026-05-19 15:28:08 - Skipped 16 figures previously processed.

2026-05-19 15:28:08 - Processed 1547 pathway figures for download.

2026-05-19 15:28:28 - Failed to download image for PMC13181101__41419_2026_8697_Figa_HTML after 3 attempts.

2026-05-19 15:28:36 - Failed to download image for PMC13181748__nihms-2170793-f0002 after 3 attempts.

2026-05-19 15:28:43 - Failed to download image for PMC13181748__nihms-2170793-f0006 after 3 attempts.

2026-05-19 15:28:50 - Failed to download image for PMC13181017__41419_2026_8675_Figa_HTML after 3 attempts.

2026-05-19 15:28:57 - Failed to download image for PMC13180421__nihms-2170638-f0001 after 3 attempts.

2026-05-19 15:29:04 - Failed to download image for PMC13179828__nihms-2165291-f0001 after 3 attempts.

2026-05-19 15:29:11 - Failed to download image for PMC13179517__nihms-2166989-f0002 after 3 attempts.

2026-05-19 15:29:18 - Failed to download image for PMC13179517__nihms-2166989-f0004 after 3 attempts.

2026-05-19 15:29:25 - Failed to download image for PMC13179517__nihms-2166989-f0006 after 3 attempts.

2026-05-19 15:29:32 - Failed to download image for PMC13176232__fimmu-17-1772562-g000 after 3 attempts.

2026-05-19 15:29:39 - Failed to download image for PMC13178722__ijmm-58-01-05855-g01 after 3 attempts.

2026-05-19 15:29:46 - Failed to download image for PMC13178722__ijmm-58-01-05855-g07 after 3 attempts.

2026-05-19 15:29:53 - Failed to download image for PMC13178722__ijmm-58-01-05855-g08 after 3 attempts.

2026-05-19 15:29:59 - Failed to download image for PMC13178724__ijmm-58-01-05854-g01 after 3 attempts.

2026-05-19 15:30:06 - Failed to download image for PMC13178724__ijmm-58-01-05854-g02 after 3 attempts.

2026-05-19 15:30:13 - Failed to download image for PMC13178724__ijmm-58-01-05854-g04 after 3 attempts.

2026-05-19 15:30:20 - Failed to download image for PMC13178661__jci-136-203401-g220 after 3 attempts.

2026-05-19 15:30:27 - Failed to download image for PMC13178661__jci-136-203401-g223 after 3 attempts.

2026-05-19 15:30:34 - Failed to download image for PMC13178501__nihms-2173659-f0001 after 3 attempts.

2026-05-19 15:30:41 - Failed to download image for PMC13178725__ijmm-58-01-05853-g02 after 3 attempts.

2026-05-19 15:30:48 - Failed to download image for PMC13178449__nihms-2168142-f0001 after 3 attempts.

2026-05-19 15:30:55 - Failed to download image for PMC13178449__nihms-2168142-f0002 after 3 attempts.

2026-05-19 15:31:02 - Failed to download image for PMC13178449__nihms-2168142-f0003 after 3 attempts.

2026-05-19 15:31:09 - Failed to download image for PMC13178449__nihms-2168142-f0004 after 3 attempts.

2026-05-19 15:31:16 - Failed to download image for PMC13178449__nihms-2168142-f0005 after 3 attempts.

2026-05-19 15:31:23 - Failed to download image for PMC13178449__nihms-2168142-f0006 after 3 attempts.

2026-05-19 15:31:30 - Failed to download image for PMC13179055__nihms-2162872-f0003 after 3 attempts.

2026-05-19 15:31:37 - Failed to download image for PMC13179055__nihms-2162872-f0004 after 3 attempts.

2026-05-19 15:31:44 - Failed to download image for PMC13178519__nihms-2174581-f0001 after 3 attempts.

2026-05-19 15:31:53 - Failed to download image for PMC13175904__apm-26581f2 after 3 attempts.

2026-05-19 15:32:00 - Failed to download image for PMC13178113__nihms-2168028-f0001 after 3 attempts.

2026-05-19 15:32:07 - Failed to download image for PMC13178113__nihms-2168028-f0002 after 3 attempts.

2026-05-19 15:32:14 - Failed to download image for PMC13172667__br-25-01-02153-g00 after 3 attempts.

2026-05-19 15:32:21 - Failed to download image for PMC13172667__br-25-01-02153-g01 after 3 attempts.

2026-05-19 15:32:28 - Failed to download image for PMC13173512__fmicb-17-1786701-g010 after 3 attempts.

2026-05-19 15:32:35 - Failed to download image for PMC13172665__mco-25-01-02953-g02 after 3 attempts.

2026-05-19 15:32:42 - Failed to download image for PMC13175590__nihms-2169194-f0003 after 3 attempts.

2026-05-19 15:32:49 - Failed to download image for PMC13174188__nihms-2173561-f0005 after 3 attempts.

2026-05-19 15:32:56 - Failed to download image for PMC13174188__nihms-2173561-f0006 after 3 attempts.

2026-05-19 15:33:03 - Failed to download image for PMC13174188__nihms-2173561-f0009 after 3 attempts.

2026-05-19 15:33:10 - Failed to download image for PMC13173924__12951_2026_4353_Figa_HTML after 3 attempts.

2026-05-19 15:33:17 - Failed to download image for PMC13172513__41419_2026_8684_Figa_HTML after 3 attempts.

2026-05-19 15:33:24 - Failed to download image for PMC13170779__ijmm-58-01-05849-g01 after 3 attempts.

2026-05-19 15:33:31 - Failed to download image for PMC13170779__ijmm-58-01-05849-g04 after 3 attempts.

2026-05-19 15:33:38 - Failed to download image for PMC13169231__ol-32-01-15628-g01 after 3 attempts.

2026-05-19 15:33:45 - Failed to download image for PMC13169231__ol-32-01-15628-g04 after 3 attempts.

2026-05-19 15:33:52 - Failed to download image for PMC13169478__ol-32-01-15631-g01 after 3 attempts.

2026-05-19 15:33:59 - Failed to download image for PMC13167554__fimmu-17-1820504-g000 after 3 attempts.

2026-05-19 15:34:06 - Failed to download image for PMC13170777__ijmm-58-01-05847-g00 after 3 attempts.

2026-05-19 15:34:13 - Failed to download image for PMC13170777__ijmm-58-01-05847-g02 after 3 attempts.

2026-05-19 15:34:20 - Failed to download image for PMC13170777__ijmm-58-01-05847-g03 after 3 attempts.

2026-05-19 15:34:27 - Failed to download image for PMC13170777__ijmm-58-01-05847-g04 after 3 attempts.

2026-05-19 15:34:34 - Failed to download image for PMC13170777__ijmm-58-01-05847-g05 after 3 attempts.

2026-05-19 15:34:41 - Failed to download image for PMC13170777__ijmm-58-01-05847-g06 after 3 attempts.

2026-05-19 15:34:47 - Failed to download image for PMC13170777__ijmm-58-01-05847-g07 after 3 attempts.

2026-05-19 15:34:54 - Failed to download image for PMC13169232__mmr-34-01-13897-g00 after 3 attempts.

2026-05-19 15:35:01 - Failed to download image for PMC13169232__mmr-34-01-13897-g01 after 3 attempts.

2026-05-19 15:35:08 - Failed to download image for PMC13169232__mmr-34-01-13897-g02 after 3 attempts.

2026-05-19 15:35:15 - Failed to download image for PMC13170776__ijmm-58-01-05845-g01 after 3 attempts.

2026-05-19 15:35:22 - Failed to download image for PMC13170776__ijmm-58-01-05845-g02 after 3 attempts.

2026-05-19 15:35:29 - Failed to download image for PMC13170776__ijmm-58-01-05845-g05 after 3 attempts.

2026-05-19 15:35:36 - Failed to download image for PMC13170778__ijmm-58-01-05848-g02 after 3 attempts.

2026-05-19 15:35:43 - Failed to download image for PMC13170778__ijmm-58-01-05848-g05 after 3 attempts.

2026-05-19 15:35:50 - Failed to download image for PMC13170778__ijmm-58-01-05848-g08 after 3 attempts.

2026-05-19 15:35:58 - Failed to download image for PMC13164810__nutrients-18-01393-g001 after 3 attempts.

2026-05-19 15:36:05 - Failed to download image for PMC13164810__nutrients-18-01393-g006 after 3 attempts.

2026-05-19 15:36:12 - Failed to download image for PMC13164821__nutrients-18-01437-g001 after 3 attempts.

2026-05-19 15:36:19 - Failed to download image for PMC13164821__nutrients-18-01437-g002 after 3 attempts.

2026-05-19 15:36:27 - Failed to download image for PMC13164821__nutrients-18-01437-g003 after 3 attempts.

2026-05-19 15:36:34 - Failed to download image for PMC13164821__nutrients-18-01437-g005 after 3 attempts.

2026-05-19 15:36:41 - Failed to download image for PMC13164821__nutrients-18-01437-g006 after 3 attempts.

2026-05-19 15:36:48 - Failed to download image for PMC13165064__nutrients-18-01328-g002 after 3 attempts.

2026-05-19 15:36:55 - Failed to download image for PMC13165079__molecules-31-01543-g003 after 3 attempts.

2026-05-19 15:37:02 - Failed to download image for PMC13165079__molecules-31-01543-g004 after 3 attempts.

2026-05-19 15:37:09 - Failed to download image for PMC13164613__nutrients-18-01462-g004 after 3 attempts.

2026-05-19 15:37:17 - Failed to download image for PMC13165283__nutrients-18-01436-g006a after 3 attempts.

2026-05-19 15:37:24 - Failed to download image for PMC13164943__nutrients-18-01360-g002 after 3 attempts.

2026-05-19 15:37:31 - Failed to download image for PMC13161723__astr-110-331-g009 after 3 attempts.

2026-05-19 15:37:38 - Failed to download image for PMC13164976__nutrients-18-01349-g010 after 3 attempts.

2026-05-19 15:37:46 - Failed to download image for PMC13164976__nutrients-18-01349-g011 after 3 attempts.

2026-05-19 15:37:52 - Failed to download image for PMC13164924__materials-19-01829-g006 after 3 attempts.

2026-05-19 15:37:59 - Failed to download image for PMC13164772__nutrients-18-01465-g006a after 3 attempts.

2026-05-19 15:38:06 - Failed to download image for PMC13164913__nutrients-18-01336-g001 after 3 attempts.

2026-05-19 15:38:13 - Failed to download image for PMC13164913__nutrients-18-01336-g002 after 3 attempts.

2026-05-19 15:38:20 - Failed to download image for PMC13165170__nutrients-18-01413-g001 after 3 attempts.

2026-05-19 15:38:27 - Failed to download image for PMC13164630__molecules-31-01406-g002 after 3 attempts.

2026-05-19 15:38:34 - Failed to download image for PMC13164374__ijms-27-03952-g002 after 3 attempts.

2026-05-19 15:38:41 - Failed to download image for PMC13164561__ijms-27-03933-g003 after 3 attempts.

2026-05-19 15:38:48 - Failed to download image for PMC13164561__ijms-27-03933-g004 after 3 attempts.

2026-05-19 15:38:55 - Failed to download image for PMC13164561__ijms-27-03933-g005 after 3 attempts.

2026-05-19 15:39:02 - Failed to download image for PMC13163740__ijms-27-03988-g001 after 3 attempts.

2026-05-19 15:39:09 - Failed to download image for PMC13163840__ijms-27-04026-g001 after 3 attempts.

2026-05-19 15:39:16 - Failed to download image for PMC13165385__molecules-31-01410-g006 after 3 attempts.

2026-05-19 15:39:23 - Failed to download image for PMC13165385__molecules-31-01410-g007 after 3 attempts.

2026-05-19 15:39:30 - Failed to download image for PMC13163271__ijms-27-04005-g003 after 3 attempts.

2026-05-19 15:39:37 - Failed to download image for PMC13164178__ijms-27-04151-g002 after 3 attempts.

2026-05-19 15:39:43 - Failed to download image for PMC13164178__ijms-27-04151-g004 after 3 attempts.

2026-05-19 15:39:50 - Failed to download image for PMC13164329__ijms-27-03986-g001 after 3 attempts.

2026-05-19 15:39:57 - Failed to download image for PMC13164329__ijms-27-03986-g002 after 3 attempts.

2026-05-19 15:40:04 - Failed to download image for PMC13164329__ijms-27-03986-g003 after 3 attempts.

2026-05-19 15:40:11 - Failed to download image for PMC13164329__ijms-27-03986-g004 after 3 attempts.

2026-05-19 15:40:18 - Failed to download image for PMC13163265__ijms-27-04046-g011 after 3 attempts.

2026-05-19 15:40:25 - Failed to download image for PMC13164251__ijms-27-04035-g005 after 3 attempts.

2026-05-19 15:40:32 - Failed to download image for PMC13164251__ijms-27-04035-g006 after 3 attempts.

2026-05-19 15:40:39 - Failed to download image for PMC13164251__ijms-27-04035-g007 after 3 attempts.

2026-05-19 15:40:46 - Failed to download image for PMC13164251__ijms-27-04035-g008 after 3 attempts.

2026-05-19 15:40:53 - Failed to download image for PMC13163810__ijms-27-04031-g006 after 3 attempts.

2026-05-19 15:41:00 - Failed to download image for PMC13163810__ijms-27-04031-g007 after 3 attempts.

2026-05-19 15:41:07 - Failed to download image for PMC13164019__ijms-27-03984-g001 after 3 attempts.

2026-05-19 15:41:14 - Failed to download image for PMC13164019__ijms-27-03984-g003 after 3 attempts.

2026-05-19 15:41:21 - Failed to download image for PMC13163260__ijms-27-04111-g001 after 3 attempts.

2026-05-19 15:41:28 - Failed to download image for PMC13164813__molecules-31-01504-g003 after 3 attempts.

2026-05-19 15:41:35 - Failed to download image for PMC13163822__ijms-27-03928-g003 after 3 attempts.

2026-05-19 15:41:42 - Failed to download image for PMC13163822__ijms-27-03928-g010 after 3 attempts.

2026-05-19 15:41:49 - Failed to download image for PMC13163347__ijms-27-03997-g001 after 3 attempts.

2026-05-19 15:41:57 - Failed to download image for PMC13163347__ijms-27-03997-g002 after 3 attempts.

2026-05-19 15:42:04 - Failed to download image for PMC13163347__ijms-27-03997-g004 after 3 attempts.

2026-05-19 15:42:10 - Failed to download image for PMC13164341__ijms-27-04085-g002 after 3 attempts.

2026-05-19 15:42:17 - Failed to download image for PMC13164341__ijms-27-04085-g003 after 3 attempts.

2026-05-19 15:42:24 - Failed to download image for PMC13164341__ijms-27-04085-g004 after 3 attempts.

2026-05-19 15:42:31 - Failed to download image for PMC13164341__ijms-27-04085-g005 after 3 attempts.

2026-05-19 15:42:38 - Failed to download image for PMC13164341__ijms-27-04085-g006 after 3 attempts.

2026-05-19 15:42:45 - Failed to download image for PMC13164341__ijms-27-04085-g008 after 3 attempts.

2026-05-19 15:42:52 - Failed to download image for PMC13163336__ijms-27-04037-g002 after 3 attempts.

2026-05-19 15:42:59 - Failed to download image for PMC13163336__ijms-27-04037-g003 after 3 attempts.

2026-05-19 15:43:06 - Failed to download image for PMC13163336__ijms-27-04037-g004 after 3 attempts.

2026-05-19 15:43:13 - Failed to download image for PMC13163706__ijms-27-04135-g006 after 3 attempts.

2026-05-19 15:43:20 - Failed to download image for PMC13164093__ijms-27-03971-g004 after 3 attempts.

2026-05-19 15:43:27 - Failed to download image for PMC13163638__ijms-27-04115-g002 after 3 attempts.

2026-05-19 15:43:34 - Failed to download image for PMC13163638__ijms-27-04115-g003 after 3 attempts.

2026-05-19 15:43:41 - Failed to download image for PMC13165267__molecules-31-01517-g008 after 3 attempts.

2026-05-19 15:43:48 - Failed to download image for PMC13164865__molecules-31-01492-g004 after 3 attempts.

2026-05-19 15:43:55 - Failed to download image for PMC13164408__ijms-27-04105-g001 after 3 attempts.

2026-05-19 15:44:02 - Failed to download image for PMC13163564__ijms-27-04014-g012 after 3 attempts.

2026-05-19 15:44:09 - Failed to download image for PMC13163298__ijms-27-04033-g001 after 3 attempts.

2026-05-19 15:44:15 - Failed to download image for PMC13163298__ijms-27-04033-g002 after 3 attempts.

2026-05-19 15:44:22 - Failed to download image for PMC13163298__ijms-27-04033-g004 after 3 attempts.

2026-05-19 15:44:29 - Failed to download image for PMC13163298__ijms-27-04033-g005 after 3 attempts.

2026-05-19 15:44:36 - Failed to download image for PMC13163720__ijms-27-04153-g003 after 3 attempts.

2026-05-19 15:44:43 - Failed to download image for PMC13163720__ijms-27-04153-g005 after 3 attempts.

2026-05-19 15:44:50 - Failed to download image for PMC13163720__ijms-27-04153-g008 after 3 attempts.

2026-05-19 15:44:57 - Failed to download image for PMC13163407__ijms-27-03969-g002 after 3 attempts.

2026-05-19 15:45:04 - Failed to download image for PMC13164287__ijms-27-03948-g002 after 3 attempts.

2026-05-19 15:45:11 - Failed to download image for PMC13164287__ijms-27-03948-g008 after 3 attempts.

2026-05-19 15:45:18 - Failed to download image for PMC13165046__molecules-31-01394-g004 after 3 attempts.

2026-05-19 15:45:25 - Failed to download image for PMC13165046__molecules-31-01394-g005 after 3 attempts.

2026-05-19 15:45:32 - Failed to download image for PMC13164996__molecules-31-01375-g003a after 3 attempts.

2026-05-19 15:45:39 - Failed to download image for PMC13163543__ijms-27-03958-g003 after 3 attempts.

2026-05-19 15:45:46 - Failed to download image for PMC13163543__ijms-27-03958-g004 after 3 attempts.

2026-05-19 15:45:53 - Failed to download image for PMC13163543__ijms-27-03958-g005 after 3 attempts.

2026-05-19 15:46:00 - Failed to download image for PMC13163543__ijms-27-03958-g006 after 3 attempts.

2026-05-19 15:46:07 - Failed to download image for PMC13163408__ijms-27-04016-g004 after 3 attempts.

2026-05-19 15:46:14 - Failed to download image for PMC13163408__ijms-27-04016-g008 after 3 attempts.

2026-05-19 15:46:20 - Failed to download image for PMC13163408__ijms-27-04016-g009 after 3 attempts.

2026-05-19 15:46:27 - Failed to download image for PMC13164314__ijms-27-04071-g005 after 3 attempts.

2026-05-19 15:46:34 - Failed to download image for PMC13164314__ijms-27-04071-g006 after 3 attempts.

2026-05-19 15:46:41 - Failed to download image for PMC13164874__molecules-31-01468-g001 after 3 attempts.

2026-05-19 15:46:48 - Failed to download image for PMC13165299__molecules-31-01387-g007 after 3 attempts.

2026-05-19 15:46:55 - Failed to download image for PMC13164078__ijms-27-03989-g001 after 3 attempts.

2026-05-19 15:47:02 - Failed to download image for PMC13164078__ijms-27-03989-g002 after 3 attempts.

2026-05-19 15:47:09 - Failed to download image for PMC13163868__ijms-27-04123-g003 after 3 attempts.

2026-05-19 15:47:16 - Failed to download image for PMC13163813__ijms-27-03959-g005 after 3 attempts.

2026-05-19 15:47:23 - Failed to download image for PMC13164369__ijms-27-04136-g001 after 3 attempts.

2026-05-19 15:47:30 - Failed to download image for PMC13164369__ijms-27-04136-g004 after 3 attempts.

2026-05-19 15:47:37 - Failed to download image for PMC13164369__ijms-27-04136-g005 after 3 attempts.

2026-05-19 15:47:44 - Failed to download image for PMC13164369__ijms-27-04136-g006 after 3 attempts.

2026-05-19 15:47:51 - Failed to download image for PMC13164369__ijms-27-04136-g007 after 3 attempts.

2026-05-19 15:47:58 - Failed to download image for PMC13164369__ijms-27-04136-g009 after 3 attempts.

2026-05-19 15:48:05 - Failed to download image for PMC13163997__ijms-27-03987-g009 after 3 attempts.

2026-05-19 15:48:11 - Failed to download image for PMC13163989__ijms-27-03973-g011 after 3 attempts.

2026-05-19 15:48:19 - Failed to download image for PMC13165223__molecules-31-01446-g010 after 3 attempts.

2026-05-19 15:48:26 - Failed to download image for PMC13165223__molecules-31-01446-g012 after 3 attempts.

2026-05-19 15:48:33 - Failed to download image for PMC13165223__molecules-31-01446-g013 after 3 attempts.

2026-05-19 15:48:40 - Failed to download image for PMC13163323__ijms-27-04132-g006 after 3 attempts.

2026-05-19 15:48:48 - Failed to download image for PMC13163349__ijms-27-04055-g001 after 3 attempts.

2026-05-19 15:48:55 - Failed to download image for PMC13163570__ijms-27-04032-g003 after 3 attempts.

2026-05-19 15:49:02 - Failed to download image for PMC13163566__ijms-27-04020-g001 after 3 attempts.

2026-05-19 15:49:09 - Failed to download image for PMC13163566__ijms-27-04020-g003 after 3 attempts.

2026-05-19 15:49:16 - Failed to download image for PMC13163566__ijms-27-04020-g004 after 3 attempts.

2026-05-19 15:49:23 - Failed to download image for PMC13163299__ijms-27-04134-g002 after 3 attempts.

2026-05-19 15:49:30 - Failed to download image for PMC13164317__ijms-27-04106-g002 after 3 attempts.

2026-05-19 15:49:37 - Failed to download image for PMC13164317__ijms-27-04106-g003 after 3 attempts.

2026-05-19 15:49:44 - Failed to download image for PMC13164317__ijms-27-04106-g008 after 3 attempts.

2026-05-19 15:49:51 - Failed to download image for PMC13163876__ijms-27-03974-g003 after 3 attempts.

2026-05-19 15:49:58 - Failed to download image for PMC13163876__ijms-27-03974-g004 after 3 attempts.

2026-05-19 15:50:05 - Failed to download image for PMC13163876__ijms-27-03974-g005 after 3 attempts.

2026-05-19 15:50:12 - Failed to download image for PMC13164716__molecules-31-01411-g005 after 3 attempts.

2026-05-19 15:50:19 - Failed to download image for PMC13163291__ijms-27-04100-g001 after 3 attempts.

2026-05-19 15:50:26 - Failed to download image for PMC13164169__ijms-27-04124-g003 after 3 attempts.

2026-05-19 15:50:33 - Failed to download image for PMC13164169__ijms-27-04124-g004 after 3 attempts.

2026-05-19 15:50:40 - Failed to download image for PMC13164169__ijms-27-04124-g005 after 3 attempts.

2026-05-19 15:50:46 - Failed to download image for PMC13163951__ijms-27-03824-g004 after 3 attempts.

2026-05-19 15:50:53 - Failed to download image for PMC13164271__ijms-27-03860-g009 after 3 attempts.

2026-05-19 15:51:00 - Failed to download image for PMC13165157__plants-15-01417-g003 after 3 attempts.

2026-05-19 15:51:07 - Failed to download image for PMC13165157__plants-15-01417-g005 after 3 attempts.

2026-05-19 15:51:14 - Failed to download image for PMC13165157__plants-15-01417-g006 after 3 attempts.

2026-05-19 15:51:21 - Failed to download image for PMC13164708__plants-15-01398-g009 after 3 attempts.

2026-05-19 15:51:29 - Failed to download image for PMC13165056__plants-15-01360-g003 after 3 attempts.

2026-05-19 15:51:36 - Failed to download image for PMC13165056__plants-15-01360-g005 after 3 attempts.

2026-05-19 15:51:43 - Failed to download image for PMC13165056__plants-15-01360-g007 after 3 attempts.

2026-05-19 15:51:50 - Failed to download image for PMC13163259__ijms-27-03707-g002 after 3 attempts.

2026-05-19 15:51:57 - Failed to download image for PMC13165196__plants-15-01396-g002 after 3 attempts.

2026-05-19 15:52:04 - Failed to download image for PMC13164970__plants-15-01370-g001 after 3 attempts.

2026-05-19 15:52:11 - Failed to download image for PMC13163484__ijms-27-03862-g002 after 3 attempts.

2026-05-19 15:52:18 - Failed to download image for PMC13163484__ijms-27-03862-g003 after 3 attempts.

2026-05-19 15:52:25 - Failed to download image for PMC13163910__ijms-27-03734-g001 after 3 attempts.

2026-05-19 15:52:32 - Failed to download image for PMC13163910__ijms-27-03734-g004 after 3 attempts.

2026-05-19 15:52:39 - Failed to download image for PMC13163910__ijms-27-03734-g010 after 3 attempts.

2026-05-19 15:52:46 - Failed to download image for PMC13163910__ijms-27-03734-g011 after 3 attempts.

2026-05-19 15:52:53 - Failed to download image for PMC13163334__ijms-27-03789-g005 after 3 attempts.

2026-05-19 15:53:00 - Failed to download image for PMC13163334__ijms-27-03789-g006 after 3 attempts.

2026-05-19 15:53:07 - Failed to download image for PMC13163334__ijms-27-03789-g007 after 3 attempts.

2026-05-19 15:53:14 - Failed to download image for PMC13164505__ijms-27-03725-g002 after 3 attempts.

2026-05-19 15:53:21 - Failed to download image for PMC13164505__ijms-27-03725-g007 after 3 attempts.

2026-05-19 15:53:28 - Failed to download image for PMC13165216__jcm-15-03555-g001 after 3 attempts.

2026-05-19 15:53:35 - Failed to download image for PMC13164503__ijms-27-03772-g002 after 3 attempts.

2026-05-19 15:53:42 - Failed to download image for PMC13164503__ijms-27-03772-g003 after 3 attempts.

2026-05-19 15:53:49 - Failed to download image for PMC13164503__ijms-27-03772-g004 after 3 attempts.

2026-05-19 15:53:56 - Failed to download image for PMC13165268__plants-15-01368-g002 after 3 attempts.

2026-05-19 15:54:03 - Failed to download image for PMC13165268__plants-15-01368-g003 after 3 attempts.

2026-05-19 15:54:10 - Failed to download image for PMC13163311__ijms-27-03791-g001 after 3 attempts.

2026-05-19 15:54:17 - Failed to download image for PMC13163581__ijms-27-03901-g003 after 3 attempts.

2026-05-19 15:54:24 - Failed to download image for PMC13163581__ijms-27-03901-g006 after 3 attempts.

2026-05-19 15:54:31 - Failed to download image for PMC13163285__ijms-27-03880-g005 after 3 attempts.

2026-05-19 15:54:38 - Failed to download image for PMC13164363__ijms-27-03814-g003 after 3 attempts.

2026-05-19 15:54:45 - Failed to download image for PMC13164363__ijms-27-03814-g004 after 3 attempts.

2026-05-19 15:54:52 - Failed to download image for PMC13164259__jcm-15-03550-g001 after 3 attempts.

2026-05-19 15:54:59 - Failed to download image for PMC13164255__ijms-27-03884-g004 after 3 attempts.

2026-05-19 15:55:06 - Failed to download image for PMC13164255__ijms-27-03884-g005 after 3 attempts.

2026-05-19 15:55:12 - Failed to download image for PMC13164389__ijms-27-03747-g004 after 3 attempts.

2026-05-19 15:55:19 - Failed to download image for PMC13164389__ijms-27-03747-g005 after 3 attempts.

2026-05-19 15:55:26 - Failed to download image for PMC13164448__ijms-27-03766-g003 after 3 attempts.

2026-05-19 15:55:33 - Failed to download image for PMC13164448__ijms-27-03766-g004 after 3 attempts.

2026-05-19 15:55:40 - Failed to download image for PMC13164448__ijms-27-03766-g005 after 3 attempts.

2026-05-19 15:55:47 - Failed to download image for PMC13164059__ijms-27-03792-g002 after 3 attempts.

2026-05-19 15:55:54 - Failed to download image for PMC13164059__ijms-27-03792-g003 after 3 attempts.

2026-05-19 15:56:01 - Failed to download image for PMC13164064__ijms-27-03798-g001 after 3 attempts.

2026-05-19 15:56:08 - Failed to download image for PMC13164253__ijms-27-03793-g003 after 3 attempts.

2026-05-19 15:56:15 - Failed to download image for PMC13164253__ijms-27-03793-g004 after 3 attempts.

2026-05-19 15:56:22 - Failed to download image for PMC13163652__ijms-27-03710-g002 after 3 attempts.

2026-05-19 15:56:29 - Failed to download image for PMC13163652__ijms-27-03710-g003 after 3 attempts.

2026-05-19 15:56:36 - Failed to download image for PMC13163468__ijms-27-03874-g002 after 3 attempts.

2026-05-19 15:56:43 - Failed to download image for PMC13163468__ijms-27-03874-g003 after 3 attempts.

2026-05-19 15:56:50 - Failed to download image for PMC13163401__ijms-27-03767-g003 after 3 attempts.

2026-05-19 15:56:57 - Failed to download image for PMC13164901__plants-15-01335-g005 after 3 attempts.

2026-05-19 15:57:04 - Failed to download image for PMC13164901__plants-15-01335-g006 after 3 attempts.

2026-05-19 15:57:10 - Failed to download image for PMC13164901__plants-15-01335-g007 after 3 attempts.

2026-05-19 15:57:17 - Failed to download image for PMC13164901__plants-15-01335-g009 after 3 attempts.

2026-05-19 15:57:24 - Failed to download image for PMC13165205__plants-15-01328-g004 after 3 attempts.

2026-05-19 15:57:31 - Failed to download image for PMC13165205__plants-15-01328-g005 after 3 attempts.

2026-05-19 15:57:38 - Failed to download image for PMC13165205__plants-15-01328-g008 after 3 attempts.

2026-05-19 15:57:45 - Failed to download image for PMC13163241__ijms-27-03717-g008 after 3 attempts.

2026-05-19 15:57:52 - Failed to download image for PMC13163261__ijms-27-03836-g001 after 3 attempts.

2026-05-19 15:57:59 - Failed to download image for PMC13163261__ijms-27-03836-g002 after 3 attempts.

2026-05-19 15:58:06 - Failed to download image for PMC13163261__ijms-27-03836-g004 after 3 attempts.

2026-05-19 15:58:13 - Failed to download image for PMC13163497__jcm-15-03477-g003 after 3 attempts.

2026-05-19 15:58:20 - Failed to download image for PMC13164436__ijms-27-03849-g007 after 3 attempts.

2026-05-19 15:58:27 - Failed to download image for PMC13163309__ijms-27-03739-g010 after 3 attempts.

2026-05-19 15:58:34 - Failed to download image for PMC13164614__plants-15-01410-g001 after 3 attempts.

2026-05-19 15:58:41 - Failed to download image for PMC13164614__plants-15-01410-g003 after 3 attempts.

2026-05-19 15:58:49 - Failed to download image for PMC13165257__plants-15-01382-g009 after 3 attempts.

2026-05-19 15:58:57 - Failed to download image for PMC13164403__jcm-15-03480-g001 after 3 attempts.

2026-05-19 15:59:11 - Failed to download image for PMC13163381__jcm-15-03396-g001 after 3 attempts.

2026-05-19 15:59:18 - Failed to download image for PMC13164476__ijms-27-03825-g002 after 3 attempts.

2026-05-19 15:59:25 - Failed to download image for PMC13164476__ijms-27-03825-g003 after 3 attempts.

2026-05-19 15:59:32 - Failed to download image for PMC13164476__ijms-27-03825-g004 after 3 attempts.

2026-05-19 15:59:39 - Failed to download image for PMC13164476__ijms-27-03825-g005 after 3 attempts.

2026-05-19 15:59:46 - Failed to download image for PMC13164425__jcm-15-03436-g004 after 3 attempts.

2026-05-19 15:59:53 - Failed to download image for PMC13163921__ijms-27-03821-g001 after 3 attempts.

2026-05-19 16:00:00 - Failed to download image for PMC13163921__ijms-27-03821-g003 after 3 attempts.

2026-05-19 16:00:07 - Failed to download image for PMC13164054__ijms-27-03795-g003 after 3 attempts.

2026-05-19 16:00:14 - Failed to download image for PMC13164054__ijms-27-03795-g006 after 3 attempts.

2026-05-19 16:00:21 - Failed to download image for PMC13163416__ijms-27-03868-g004 after 3 attempts.

2026-05-19 16:00:28 - Failed to download image for PMC13163416__ijms-27-03868-g007 after 3 attempts.

2026-05-19 16:00:35 - Failed to download image for PMC13163416__ijms-27-03868-g008 after 3 attempts.

2026-05-19 16:00:42 - Failed to download image for PMC13163952__ijms-27-03886-g006 after 3 attempts.

2026-05-19 16:00:49 - Failed to download image for PMC13164365__ijms-27-03909-g002 after 3 attempts.

2026-05-19 16:00:56 - Failed to download image for PMC13164365__ijms-27-03909-g005 after 3 attempts.

2026-05-19 16:01:03 - Failed to download image for PMC13164553__jcm-15-03395-g001 after 3 attempts.

2026-05-19 16:01:10 - Failed to download image for PMC13164553__jcm-15-03395-g002 after 3 attempts.

2026-05-19 16:01:16 - Failed to download image for PMC13163784__ijms-27-03893-g002 after 3 attempts.

2026-05-19 16:01:23 - Failed to download image for PMC13164380__ijms-27-03731-g002 after 3 attempts.

2026-05-19 16:01:30 - Failed to download image for PMC13164380__ijms-27-03731-g003 after 3 attempts.

2026-05-19 16:01:37 - Failed to download image for PMC13163654__ijms-27-03733-g002 after 3 attempts.

2026-05-19 16:01:44 - Failed to download image for PMC13163654__ijms-27-03733-g009 after 3 attempts.

2026-05-19 16:01:51 - Failed to download image for PMC13164469__jcm-15-03510-g001 after 3 attempts.

2026-05-19 16:01:58 - Failed to download image for PMC13164469__jcm-15-03510-g002 after 3 attempts.

2026-05-19 16:02:05 - Failed to download image for PMC13164657__plants-15-01411-g004 after 3 attempts.

2026-05-19 16:02:12 - Failed to download image for PMC13164657__plants-15-01411-g006 after 3 attempts.

2026-05-19 16:02:19 - Failed to download image for PMC13164227__ijms-27-03749-g001 after 3 attempts.

2026-05-19 16:02:26 - Failed to download image for PMC13164227__ijms-27-03749-g002 after 3 attempts.

2026-05-19 16:02:33 - Failed to download image for PMC13164227__ijms-27-03749-g004 after 3 attempts.

2026-05-19 16:02:40 - Failed to download image for PMC13164283__ijms-27-03790-g001 after 3 attempts.

2026-05-19 16:02:47 - Failed to download image for PMC13164283__ijms-27-03790-g003 after 3 attempts.

2026-05-19 16:02:54 - Failed to download image for PMC13164041__ijms-27-03744-g003 after 3 attempts.

2026-05-19 16:03:01 - Failed to download image for PMC13164041__ijms-27-03744-g004 after 3 attempts.

2026-05-19 16:03:08 - Failed to download image for PMC13164400__ijms-27-03736-g005 after 3 attempts.

2026-05-19 16:03:15 - Failed to download image for PMC13164400__ijms-27-03736-g008 after 3 attempts.

2026-05-19 16:03:22 - Failed to download image for PMC13164956__plants-15-01356-g002 after 3 attempts.

2026-05-19 16:03:29 - Failed to download image for PMC13162679__cancers-18-01419-g005a after 3 attempts.

2026-05-19 16:03:36 - Failed to download image for PMC13163069__cancers-18-01384-g003 after 3 attempts.

2026-05-19 16:03:42 - Failed to download image for PMC13162726__cancers-18-01410-g002 after 3 attempts.

2026-05-19 16:03:50 - Failed to download image for PMC13165237__plants-15-01286-g003 after 3 attempts.

2026-05-19 16:03:57 - Failed to download image for PMC13162994__cancers-18-01395-g007 after 3 attempts.

2026-05-19 16:04:04 - Failed to download image for PMC13162994__cancers-18-01395-g008 after 3 attempts.

2026-05-19 16:04:11 - Failed to download image for PMC13163107__diagnostics-16-01305-g002 after 3 attempts.

2026-05-19 16:04:18 - Failed to download image for PMC13162911__diagnostics-16-01310-g001 after 3 attempts.

2026-05-19 16:04:25 - Failed to download image for PMC13162874__cancers-18-01360-g001 after 3 attempts.

2026-05-19 16:04:32 - Failed to download image for PMC13162874__cancers-18-01360-g002 after 3 attempts.

2026-05-19 16:04:39 - Failed to download image for PMC13162874__cancers-18-01360-g004 after 3 attempts.

2026-05-19 16:04:46 - Failed to download image for PMC13162874__cancers-18-01360-g005 after 3 attempts.

2026-05-19 16:04:53 - Failed to download image for PMC13163058__cancers-18-01359-g001 after 3 attempts.

2026-05-19 16:05:00 - Failed to download image for PMC13163058__cancers-18-01359-g002 after 3 attempts.

2026-05-19 16:05:07 - Failed to download image for PMC13163058__cancers-18-01359-g004 after 3 attempts.

2026-05-19 16:05:14 - Failed to download image for PMC13163058__cancers-18-01359-g005 after 3 attempts.

2026-05-19 16:05:21 - Failed to download image for PMC13163058__cancers-18-01359-g006 after 3 attempts.

2026-05-19 16:05:27 - Failed to download image for PMC13163058__cancers-18-01359-g007 after 3 attempts.

2026-05-19 16:05:34 - Failed to download image for PMC13162856__cancers-18-01486-g002 after 3 attempts.

2026-05-19 16:05:41 - Failed to download image for PMC13162856__cancers-18-01486-g003 after 3 attempts.

2026-05-19 16:05:48 - Failed to download image for PMC13162710__cancers-18-01364-g002 after 3 attempts.

2026-05-19 16:05:55 - Failed to download image for PMC13162940__cells-15-00848-g007 after 3 attempts.

2026-05-19 16:06:02 - Failed to download image for PMC13162719__cells-15-00820-g004 after 3 attempts.

2026-05-19 16:06:09 - Failed to download image for PMC13164918__plants-15-01293-g001 after 3 attempts.

2026-05-19 16:06:16 - Failed to download image for PMC13165618__sensors-26-02587-g002 after 3 attempts.

2026-05-19 16:06:23 - Failed to download image for PMC13162814__cancers-18-01463-g001 after 3 attempts.

2026-05-19 16:06:30 - Failed to download image for PMC13162814__cancers-18-01463-g002 after 3 attempts.

2026-05-19 16:06:37 - Failed to download image for PMC13163016__cancers-18-01373-g002 after 3 attempts.

2026-05-19 16:06:44 - Failed to download image for PMC13162841__cancers-18-01372-g001 after 3 attempts.

2026-05-19 16:06:51 - Failed to download image for PMC13162841__cancers-18-01372-g002 after 3 attempts.

2026-05-19 16:06:57 - Failed to download image for PMC13163060__cancers-18-01335-g005 after 3 attempts.

2026-05-19 16:07:04 - Failed to download image for PMC13162702__cells-15-00847-g002 after 3 attempts.

2026-05-19 16:07:11 - Failed to download image for PMC13162797__cells-15-00841-g005 after 3 attempts.

2026-05-19 16:07:18 - Failed to download image for PMC13163066__cells-15-00834-g001 after 3 attempts.

2026-05-19 16:07:25 - Failed to download image for PMC13163066__cells-15-00834-g003 after 3 attempts.

2026-05-19 16:07:32 - Failed to download image for PMC13162718__cancers-18-01353-g002 after 3 attempts.

2026-05-19 16:07:39 - Failed to download image for PMC13162718__cancers-18-01353-g003 after 3 attempts.

2026-05-19 16:07:46 - Failed to download image for PMC13162718__cancers-18-01353-g004 after 3 attempts.

2026-05-19 16:07:53 - Failed to download image for PMC13162688__cells-15-00823-g004 after 3 attempts.

2026-05-19 16:08:00 - Failed to download image for PMC13162688__cells-15-00823-g006 after 3 attempts.

2026-05-19 16:08:07 - Failed to download image for PMC13162688__cells-15-00823-g007 after 3 attempts.

2026-05-19 16:08:14 - Failed to download image for PMC13165453__plants-15-01283-g006 after 3 attempts.

2026-05-19 16:08:21 - Failed to download image for PMC13162798__cancers-18-01392-g001 after 3 attempts.

2026-05-19 16:08:28 - Failed to download image for PMC13162798__cancers-18-01392-g003 after 3 attempts.

2026-05-19 16:08:35 - Failed to download image for PMC13162798__cancers-18-01392-g004 after 3 attempts.

2026-05-19 16:08:42 - Failed to download image for PMC13162798__cancers-18-01392-g005 after 3 attempts.

2026-05-19 16:08:49 - Failed to download image for PMC13162725__diagnostics-16-01278-g004 after 3 attempts.

2026-05-19 16:08:56 - Failed to download image for PMC13162739__cancers-18-01385-g001 after 3 attempts.

2026-05-19 16:09:03 - Failed to download image for PMC13162739__cancers-18-01385-g002 after 3 attempts.

2026-05-19 16:09:10 - Failed to download image for PMC13162958__cells-15-00836-g005 after 3 attempts.

2026-05-19 16:09:17 - Failed to download image for PMC13162958__cells-15-00836-g006 after 3 attempts.

2026-05-19 16:09:24 - Failed to download image for PMC13162870__cancers-18-01436-g002 after 3 attempts.

2026-05-19 16:09:31 - Failed to download image for PMC13162888__cancers-18-01327-g007 after 3 attempts.

2026-05-19 16:09:38 - Failed to download image for PMC13162669__cancers-18-01422-g006 after 3 attempts.

2026-05-19 16:09:44 - Failed to download image for PMC13164048__diagnostics-16-01262-g001 after 3 attempts.

2026-05-19 16:09:51 - Failed to download image for PMC13164625__plants-15-01312-g001 after 3 attempts.

2026-05-19 16:09:58 - Failed to download image for PMC13164625__plants-15-01312-g004 after 3 attempts.

2026-05-19 16:10:05 - Failed to download image for PMC13163126__cancers-18-01439-g001 after 3 attempts.

2026-05-19 16:10:12 - Failed to download image for PMC13165945__polymers-18-01074-g006 after 3 attempts.

2026-05-19 16:10:19 - Failed to download image for PMC13165945__polymers-18-01074-g007 after 3 attempts.

2026-05-19 16:10:26 - Failed to download image for PMC13163129__cells-15-00827-g001 after 3 attempts.

2026-05-19 16:10:33 - Failed to download image for PMC13163129__cells-15-00827-g002 after 3 attempts.

2026-05-19 16:10:40 - Failed to download image for PMC13162879__cancers-18-01491-g004 after 3 attempts.

2026-05-19 16:10:47 - Failed to download image for PMC13162879__cancers-18-01491-g005 after 3 attempts.

2026-05-19 16:10:54 - Failed to download image for PMC13162879__cancers-18-01491-g006 after 3 attempts.

2026-05-19 16:11:01 - Failed to download image for PMC13162879__cancers-18-01491-g007 after 3 attempts.

2026-05-19 16:11:08 - Failed to download image for PMC13163105__cancers-18-01375-g002 after 3 attempts.

2026-05-19 16:11:15 - Failed to download image for PMC13163105__cancers-18-01375-g003 after 3 attempts.

2026-05-19 16:11:22 - Failed to download image for PMC13163370__diagnostics-16-01259-g003 after 3 attempts.

2026-05-19 16:11:29 - Failed to download image for PMC13163370__diagnostics-16-01259-g004 after 3 attempts.

2026-05-19 16:11:36 - Failed to download image for PMC13164806__plants-15-01327-g003 after 3 attempts.

2026-05-19 16:11:42 - Failed to download image for PMC13164806__plants-15-01327-g004 after 3 attempts.

2026-05-19 16:11:49 - Failed to download image for PMC13164806__plants-15-01327-g005 after 3 attempts.

2026-05-19 16:11:56 - Failed to download image for PMC13164806__plants-15-01327-g006 after 3 attempts.

2026-05-19 16:12:03 - Failed to download image for PMC13164806__plants-15-01327-g007 after 3 attempts.

2026-05-19 16:12:10 - Failed to download image for PMC13162703__cells-15-00809-g001 after 3 attempts.

2026-05-19 16:12:17 - Failed to download image for PMC13162703__cells-15-00809-g002 after 3 attempts.

2026-05-19 16:12:25 - Failed to download image for PMC13163015__cancers-18-01451-g002 after 3 attempts.

2026-05-19 16:12:32 - Failed to download image for PMC13163015__cancers-18-01451-g005 after 3 attempts.

2026-05-19 16:12:39 - Failed to download image for PMC13162693__cancers-18-01330-g003 after 3 attempts.

2026-05-19 16:12:46 - Failed to download image for PMC13162685__cells-15-00814-g007 after 3 attempts.

2026-05-19 16:12:53 - Failed to download image for PMC13164735__plants-15-01281-g015 after 3 attempts.

2026-05-19 16:13:00 - Failed to download image for PMC13162624__cancers-18-01358-g001 after 3 attempts.

2026-05-19 16:13:07 - Failed to download image for PMC13162624__cancers-18-01358-g002 after 3 attempts.

2026-05-19 16:13:14 - Failed to download image for PMC13162999__cells-15-00843-g004 after 3 attempts.

2026-05-19 16:13:21 - Failed to download image for PMC13162611__cells-15-00824-g005 after 3 attempts.

2026-05-19 16:13:28 - Failed to download image for PMC13165436__plants-15-01290-g003 after 3 attempts.

2026-05-19 16:13:35 - Failed to download image for PMC13165436__plants-15-01290-g005 after 3 attempts.

2026-05-19 16:13:42 - Failed to download image for PMC13162645__cancers-18-01442-g004 after 3 attempts.

2026-05-19 16:13:49 - Failed to download image for PMC13163059__cancers-18-01342-g009 after 3 attempts.

2026-05-19 16:13:56 - Failed to download image for PMC13162733__cells-15-00833-g001 after 3 attempts.

2026-05-19 16:14:02 - Failed to download image for PMC13162733__cells-15-00833-g002 after 3 attempts.

2026-05-19 16:14:09 - Failed to download image for PMC13162733__cells-15-00833-g003 after 3 attempts.

2026-05-19 16:14:16 - Failed to download image for PMC13163012__cells-15-00822-g001 after 3 attempts.

2026-05-19 16:14:23 - Failed to download image for PMC13163072__cancers-18-01449-g002 after 3 attempts.

2026-05-19 16:14:31 - Failed to download image for PMC13162717__cancers-18-01474-g001 after 3 attempts.

2026-05-19 16:14:37 - Failed to download image for PMC13162717__cancers-18-01474-g002 after 3 attempts.

2026-05-19 16:14:44 - Failed to download image for PMC13162717__cancers-18-01474-g003 after 3 attempts.

2026-05-19 16:14:51 - Failed to download image for PMC13162745__cancers-18-01453-g003 after 3 attempts.

2026-05-19 16:14:58 - Failed to download image for PMC13163050__animals-16-01348-g003 after 3 attempts.

2026-05-19 16:15:05 - Failed to download image for PMC13163050__animals-16-01348-g004 after 3 attempts.

2026-05-19 16:15:12 - Failed to download image for PMC13163050__animals-16-01348-g006 after 3 attempts.

2026-05-19 16:15:19 - Failed to download image for PMC13163050__animals-16-01348-g007 after 3 attempts.

2026-05-19 16:15:26 - Failed to download image for PMC13163050__animals-16-01348-g008 after 3 attempts.

2026-05-19 16:15:33 - Failed to download image for PMC13163050__animals-16-01348-g010 after 3 attempts.

2026-05-19 16:15:40 - Failed to download image for PMC13163050__animals-16-01348-g011 after 3 attempts.

2026-05-19 16:15:48 - Failed to download image for PMC13163052__animals-16-01357-g006 after 3 attempts.

2026-05-19 16:15:55 - Failed to download image for PMC13162840__animals-16-01327-g006 after 3 attempts.

2026-05-19 16:16:02 - Failed to download image for PMC13162946__cells-15-00771-g001 after 3 attempts.

2026-05-19 16:16:10 - Failed to download image for PMC13162946__cells-15-00771-g004 after 3 attempts.

2026-05-19 16:16:17 - Failed to download image for PMC13162955__animals-16-01312-g004 after 3 attempts.

2026-05-19 16:16:24 - Failed to download image for PMC13162955__animals-16-01312-g006 after 3 attempts.

2026-05-19 16:16:31 - Failed to download image for PMC13163642__foods-15-01608-g004 after 3 attempts.

2026-05-19 16:16:38 - Failed to download image for PMC13163272__foods-15-01576-g009 after 3 attempts.

2026-05-19 16:16:44 - Failed to download image for PMC13163272__foods-15-01576-g010 after 3 attempts.

2026-05-19 16:16:51 - Failed to download image for PMC13164437__foods-15-01469-g001 after 3 attempts.

2026-05-19 16:16:59 - Failed to download image for PMC13164437__foods-15-01469-g002 after 3 attempts.

2026-05-19 16:17:10 - Failed to download image for PMC13164437__foods-15-01469-g003 after 3 attempts.

2026-05-19 16:17:22 - Failed to download image for PMC13164437__foods-15-01469-g005 after 3 attempts.

2026-05-19 16:17:43 - Failed to download image for PMC13164437__foods-15-01469-g007 after 3 attempts.

2026-05-19 16:18:18 - Failed to download image for PMC13162861__animals-16-01336-g003 after 3 attempts.

2026-05-19 16:18:28 - Failed to download image for PMC13162959__animals-16-01311-g007 after 3 attempts.

2026-05-19 16:18:36 - Failed to download image for PMC13162778__cells-15-00744-g001 after 3 attempts.

2026-05-19 16:18:43 - Failed to download image for PMC13162778__cells-15-00744-g002 after 3 attempts.

2026-05-19 16:18:53 - Failed to download image for PMC13162778__cells-15-00744-g004 after 3 attempts.

2026-05-19 16:19:02 - Failed to download image for PMC13162778__cells-15-00744-g005 after 3 attempts.

2026-05-19 16:19:14 - Failed to download image for PMC13162778__cells-15-00744-g006 after 3 attempts.

2026-05-19 16:19:24 - Failed to download image for PMC13162778__cells-15-00744-g007 after 3 attempts.

2026-05-19 16:19:41 - Failed to download image for PMC13162607__animals-16-01286-g004 after 3 attempts.

2026-05-19 16:19:49 - Failed to download image for PMC13162736__cells-15-00788-g001 after 3 attempts.

2026-05-19 16:19:59 - Failed to download image for PMC13162736__cells-15-00788-g002 after 3 attempts.

2026-05-19 16:20:09 - Failed to download image for PMC13162716__cells-15-00776-g004 after 3 attempts.

2026-05-19 16:20:36 - Failed to download image for PMC13162716__cells-15-00776-g005 after 3 attempts.

2026-05-19 16:20:48 - Failed to download image for PMC13162716__cells-15-00776-g008 after 3 attempts.

2026-05-19 16:20:58 - Failed to download image for PMC13162690__animals-16-01368-g006 after 3 attempts.

2026-05-19 16:21:06 - Failed to download image for PMC13162690__animals-16-01368-g007 after 3 attempts.

2026-05-19 16:21:14 - Failed to download image for PMC13162936__cells-15-00781-g001 after 3 attempts.

2026-05-19 16:21:21 - Failed to download image for PMC13162936__cells-15-00781-g002 after 3 attempts.

2026-05-19 16:21:31 - Failed to download image for PMC13163099__cells-15-00770-g006 after 3 attempts.

2026-05-19 16:21:38 - Failed to download image for PMC13163558__foods-15-01532-g009 after 3 attempts.

2026-05-19 16:21:45 - Failed to download image for PMC13162649__animals-16-01351-g004 after 3 attempts.

2026-05-19 16:21:52 - Failed to download image for PMC13162862__cells-15-00780-g001 after 3 attempts.

2026-05-19 16:21:59 - Failed to download image for PMC13163013__animals-16-01310-g005 after 3 attempts.

2026-05-19 16:22:06 - Failed to download image for PMC13163013__animals-16-01310-g006 after 3 attempts.

2026-05-19 16:22:13 - Failed to download image for PMC13163565__foods-15-01587-g005 after 3 attempts.

2026-05-19 16:22:20 - Failed to download image for PMC13163565__foods-15-01587-g006 after 3 attempts.

2026-05-19 16:22:27 - Failed to download image for PMC13162933__animals-16-01334-g003 after 3 attempts.

2026-05-19 16:22:34 - Failed to download image for PMC13162933__animals-16-01334-g006 after 3 attempts.

2026-05-19 16:22:41 - Failed to download image for PMC13162619__animals-16-01408-g008 after 3 attempts.

2026-05-19 16:22:48 - Failed to download image for PMC13162625__cells-15-00762-g007 after 3 attempts.

2026-05-19 16:22:55 - Failed to download image for PMC13163002__animals-16-01338-g006 after 3 attempts.

2026-05-19 16:23:01 - Failed to download image for PMC13163000__cells-15-00786-g005 after 3 attempts.

2026-05-19 16:23:08 - Failed to download image for PMC13163000__cells-15-00786-g007 after 3 attempts.

2026-05-19 16:23:15 - Failed to download image for PMC13163062__animals-16-01402-g003 after 3 attempts.

2026-05-19 16:23:22 - Failed to download image for PMC13162674__cells-15-00801-g006 after 3 attempts.

2026-05-19 16:23:29 - Failed to download image for PMC13162980__animals-16-01290-g007 after 3 attempts.

2026-05-19 16:23:36 - Failed to download image for PMC13163970__healthcare-14-01212-g001 after 3 attempts.

2026-05-19 16:23:43 - Failed to download image for PMC13162863__cells-15-00792-g008a after 3 attempts.

2026-05-19 16:23:50 - Failed to download image for PMC13162863__cells-15-00792-g009 after 3 attempts.

2026-05-19 16:23:57 - Failed to download image for PMC13163263__foods-15-01585-g005 after 3 attempts.

2026-05-19 16:24:04 - Failed to download image for PMC13162681__animals-16-01387-g004 after 3 attempts.

2026-05-19 16:24:11 - Failed to download image for PMC13162848__animals-16-01360-g002 after 3 attempts.

2026-05-19 16:24:18 - Failed to download image for PMC13162848__animals-16-01360-g006 after 3 attempts.

2026-05-19 16:24:26 - Failed to download image for PMC13162707__animals-16-01378-g005 after 3 attempts.

2026-05-19 16:24:36 - Failed to download image for PMC13162588__animals-16-01321-g005 after 3 attempts.

2026-05-19 16:24:45 - Failed to download image for PMC13162588__animals-16-01321-g007 after 3 attempts.

2026-05-19 16:24:55 - Failed to download image for PMC13162849__animals-16-01287-g004 after 3 attempts.

2026-05-19 16:25:04 - Failed to download image for PMC13162849__animals-16-01287-g008 after 3 attempts.

2026-05-19 16:25:11 - Failed to download image for PMC13163130__cells-15-00746-g003 after 3 attempts.

2026-05-19 16:25:18 - Failed to download image for PMC13163130__cells-15-00746-g006 after 3 attempts.

2026-05-19 16:25:27 - Failed to download image for PMC13163747__foods-15-01505-g006 after 3 attempts.

2026-05-19 16:25:40 - Failed to download image for PMC13163747__foods-15-01505-g008 after 3 attempts.

2026-05-19 16:25:53 - Failed to download image for PMC13162801__cells-15-00787-g001 after 3 attempts.

2026-05-19 16:26:01 - Failed to download image for PMC13162801__cells-15-00787-g006 after 3 attempts.

2026-05-19 16:26:12 - Failed to download image for PMC13164281__foods-15-01553-g003 after 3 attempts.

2026-05-19 16:26:24 - Failed to download image for PMC13163314__foods-15-01537-g005 after 3 attempts.

2026-05-19 16:26:32 - Failed to download image for PMC13163513__foods-15-01464-g007 after 3 attempts.

2026-05-19 16:26:42 - Failed to download image for PMC13164191__foods-15-01467-g006 after 3 attempts.

2026-05-19 16:26:42 - New pathway figures downloaded: 2

2026-05-19 16:26:42 - NCBI PMC Figure Fetcher completed

2026-05-19 16:26:42 - ==========================================================

